231717,Blue Magic,Spell
231718,The Echocentrics,Canyon (feat. Alex Maas & Jazz Mills)
231719,Anthony Hamilton,I Cry
231720,Jill Scott,Show Me
231721,John Legend,Refuge (When It's Cold Outside)
231722,Nessly,Love You More
231723,Set Mo,Down the Line
231724,Louis Prima,I Wan'na Be Like You (The Monkey Song)
231725,George Jackson,"Aretha, Sing One for Me"
231726,Gary Clark Jr.,Third Stone from the Sun / If You Love Me Like You Say
231727,The Temptations,Pretty Wings
231728,Hiatus Kaiyote,Mobius Streak
231729,Billie Holiday,Foolin' Myself (with Teddy Wilson & His Orchestra)
231730,Brenton Wood,Can You Dig It
231731,Elderbrook,Put It Down
231732,Ms. Jody,When Your Give a Damn Just Don't Give a Damn Anymore
231733,Bobby Darin,Call Me Irresponsible
231734,Bill Withers,Let It Be
231735,Brick,Dazz - Dazz Disco Mix
231736,Opia,Secrets (feat. Sam Fischer)
231737,Izzy Bizu,Mad Behaviour
231738,Joe,Worst Case Scenario
231739,Tep No,"Karma, You Got Owned"
231740,Regina Belle,Baby Come To Me
231741,Foreign Air,Turning
231742,The Main Squeeze,#W W C
231743,BJ The Chicago Kid,Falling On My Face
231744,After 7,Nights Like This
231745,Big Bub,Zoom
231746,MELVV,Blank (feat. Kennedi)
231747,Seal,Prayer For The Dying
231748,Lianne La Havas,Grow
231749,Sports,People Can't Stop Chillin'
231750,Aretha Franklin,Rock-A-Bye Your Baby with a Dixie Melody
231751,Palace,Head Above The Water
231752,"Bobby ""Blue"" Bland",Ain't No Sunshine When She's Gone
231753,Jordan Rakei,Lost - Live from Spotify London
231754,Etta James,It's a Man's Man's Man's World
231755,The Equatics,The Touch Of You
231756,Alicia Keys,She Don't Really Care_1 Luv
231757,Lizz Wright,Seems I’m Never Tired Lovin’ You
231758,Aretha Franklin,Hello Sunshine
231759,Aquilo,Now & Here
231760,Snoh Aalegra,Home - Remix
231761,Mothica,Up in Flames - Synchronice Remix
231762,Kyle Dion,Cherry Blossom
231763,Alex Lustig,Under Pressure
231764,Kyle Dion,Hands to Yourself
231765,Brandy,Right Here (Departed)
231766,Brian McKnight,"Shoulda, Woulda, Coulda - Main"
231767,Alicia Keys,Girlfriend
231768,Nina Simone,Tomorrow Is My Turn
231769,Nina Simone,"Li'l Liza Jane - Live Version - Newport Jazz Festival, June 30, 1960"
231770,Luther Vandross,Your Secret Love
231771,Luther Vandross,Any Love
231772,Mint Condition,Not My Daddy (feat. Kelly Price)
231773,Lounge FM,Love Will Let You Down
231774,Rag'n'Bone Man,No Mother
231775,The Gap Band,Humpin'
231776,Otis Redding,Papa's Got a Brand New Bag - Live; Whiskey Version
231777,RAC,Nostalgia (RAC Mix)
231778,Four Tops,Standing In The Shadows Of Love
231779,The Delfonics,Walk Right Up to the Sun
231780,El Michels Affair,You're All I Need
231781,The Dip,Starcastle
231782,The Blackbyrds,Rock Creek Park
231783,The Temptations,Shakey Ground
231784,L.T.D.,Concentrate On You
231785,The Isley Brothers,Move Your Body
231786,Melody Gardot,Goodnite
231787,Tyrese,On Top Of Me
231788,Crooked Colours,Perfect Run
231789,Cameo,Why Have I Lost You
231790,Booker T. & the M.G.'s,Hip Hug-Her
231791,Nina Simone,My Way - Remastered
231792,Omar Cunningham,The Beauty Shop
231793,Tep No,Fighting
231794,Zola Blood,Good Love
231795,Love Unlimited,It May Be Winter Outside (But In My Heart It's Spring)
231796,Rhye,Softly - Mahogany Sessions
231797,Ralph,Tables Have Turned
231798,Zoot Sims,Evening In Paris
231799,Janelle Monáe,Dance or Die - feat. Saul Williams
231800,Childish Major,Shame
231801,Majik,Save Me - Skeleton Mix
231802,Liam Bailey,Stun Me
231803,Bigg Robb,Sugar Shack (Line Dance Remix) (feat. Mz Jackson)
231804,John Legend,Merry Christmas Baby / Give Love on Christmas Day
231805,Curtis Mayfield,Now You're Gone
231806,Joe Bataan,I Wish You Love (Part 1)
231807,ford.,Warmth
231808,Kyle Dion,69 Camaro
231809,Ella Vos,Lonely Road
231810,Jay Prince,LUV ME
231811,Dorothy Ashby,Nabu Corfa
231812,Allan Rayman,All at Once
231813,The Drifters,Saturday Night at the Movies
231814,Sophie Meiers,Willow Tree
231815,Red Garland,Estrellita
231816,MANILA GREY,Change Me
231817,Red Garland,(I'm Afraid) The Masquerade Is Over
231818,Al Green,Belle
231819,MANILA GREY,Midnight
231820,Busty and the Bass,Dance with Someone!!!
231821,LION BABE,Satisfy My Love
231822,Common,They Say
231823,Gary Clark Jr.,You Saved Me - Live
231824,John Legend,"I Love, You Love"
231825,Sam Cooke,Nobody Knows You When You're Down And Out - Live
231826,Fabian Secon,What Do I Live For
231827,Barry White,You See The Trouble With Me
231828,Miki Howard,"Baby, Be Mine"
231829,Al Green,How Can You Mend A Broken Heart
231830,Sam Cooke,Soul - Hidden Track
231831,Sam & Dave,I Thank You - LP / Single Version
231832,Lady Wray,It's Been a Long Time
231833,Parliament,Supergroovalisticprosifunkstication (The Bumps Bump)
231834,Melanie Fiona,Give It To Me Right
231835,Ms. Lauryn Hill,Mystery of Iniquity - Live
231836,Nao,Apple Cherry
231837,Nina Simone,I Think It's Going to Rain Today - Remastered
231838,Club Kuru,49 Years
231839,Fickle Friends,Say No More
231840,B.B. King,Chains And Things - Single Version
231841,Frankie Valli & The Four Seasons,Who Loves You
231842,Smoke Dza,The Hook Up
231843,Mura Masa,¥ (money)
231844,Hiss Golden Messenger,I’m a Raven (Shake Children)
231845,Mary J. Blige,I Never Wanna Live Without You
231846,Allie X,Old Habits Die Hard
231847,Lyfe Jennings,S.E.X.
231848,MANILA GREY,Owe U
231849,AK,Flying
231850,Broods,Eyes A Mess
231851,Rick James,Hard To Get
231852,SOHN,Lessons
231853,Tweet,Smoking Cigarettes
231854,451,Stay Awake
231855,Broods,Couldn't Believe
231856,Jordan Hollywood,Dmx
231857,Wilson Meadows,Still My Love
231858,Eli Sostre,Nobody Else
231859,Total Giovanni,Awake
231860,Roosevelt,Night Moves
231861,Stevie Wonder,Village Ghetto Land
231862,Luther Vandross,Buy Me a Rose
231863,Ark Patrol,Entropy
231864,Johnny Yukon,First Night
231865,Mk.Gee,Roll with the Punches
231866,Kyle Dion,Teach Me
231867,Donny Hathaway,Lord Help Me - Mono Single
231868,12AM,Save Me
231869,Lawrence,Shot
231870,RKCB,Bloom
231871,Maribou State,Raincoats
231872,Smokey Robinson & The Miracles,I've Been Good To You
231873,Shallou,Fictions
231874,Average White Band,Work To Do
231875,The Isley Brothers,"Let's Fall in Love, (Pt. 1 & Pt. 2)"
231876,Mint Condition,If You Love Me
231877,Norman Perry,Alive
231878,Mel Waiters,Throw Back Days
231879,Col3trane,Britney
231880,Michael Kiwanuka,Always Waiting
231881,TOKiMONSTA,Little Pleasures
231882,Jill Scott,I Keep
231883,Handsome Ghost,Blood Stutter
231884,070 Shake,Make It There
231885,Smokey Robinson,Ooh Baby Baby
231886,Madi Sipes & The Painted Blue,Blue
231887,Hayden James,Embrace
231888,Smokey Robinson,Tracks of My Tears
231889,The Spinners,I'm Tired of Giving
231890,XV,Awesome - feat. Pusha-T
231891,The Supremes,"Mother You, Smother You - Mono Version"
231892,Mayer Hawthorne,Someone Like You
231893,NoMBe,Signs
231894,Lee Konitz,Thingin
231895,duendita,pray
231896,Sports,Shiggy
231897,Gladys Knight & The Pips,The Makings of You (From the Original Motion Picture Soundtrack)
231898,Emmit Fenn,Want It
231899,Louis Futon,Country Roads
231900,Etta James,Fool That I Am
231901,Rag'n'Bone Man,Reuben's Train
231902,Otis Redding,Try a Little Tenderness - 2016 Remaster
231903,The Marvelettes,Playboy
231904,K-Ci & JoJo,Life
231905,Emeli Sandé,"Read All About It, Pt. III - Live From The Voice Of Germany Final"
231906,Amel Larrieux,Make Me Whole
231907,Anna Of The North,All I Want
231908,Mating Ritual,Swim
231909,Thee Midniters,The Town I Live In
231910,Charlie Wilson,Let's Chill
231911,Amir Obe,Bloodshot
231912,Blackstreet,Joy
231913,Erykah Badu,Love Of My Life (An Ode To Hip Hop)
231914,Ben E. King,Will You Still Love Me Tomorrow
231915,Tim Atlas,Ten Goodbyes
231916,Kelela,S.O.S.
231917,Ibeyi,Rise Up Wise Up Eyes Up
231918,John Legend,Asylum
231919,Mary J. Blige,You Bring Me Joy
231920,ROZES,Famous
231921,Estelle,So Easy (feat. Luke James)
231922,Kennedy Rd.,King Of Hearts
231923,The Time,The Bird
231924,RITUAL,Bottle Tops
231925,Dwn2earth,T.L.C
231926,The Time,Gigolos Get Lonely Too
231927,SALES,Vow
231928,Theo Katzman,White Picket Castle
231929,Corinne Bailey Rae,I'd Do It All Again
231930,Vindata,Right Now (feat. Njomza and Alex & Alex)
231931,PLAZA,Pick Up
231932,Chrome Sparks,Send The Pain On
231933,Billie Holiday,On The Sunny Side Of The Street
231934,Dr. John,Big Chief
231935,Minnie Riperton,Memory Lane
231936,Quincy Jones,Slow Jams
231937,GEMS,w/o u
231938,Bilal,Bury Me Next To You
231939,The Roots,No John Trumbull - Intro
231940,Frankie Valli & The Four Seasons,An Angel Cried
231941,John Legend,Made to Love - Live from Spotify Milan
231942,John Legend,Wanna Be Loved
231943,Z.Z. Hill,Someone Else Is Steppin' In
231944,Treazon,Lone Wolf (feat. Sylvan LaCue)
231945,The Chi-Lites,Are You My Woman (Tell Me So)
231946,Janelle Monáe,Many Moons
231947,anders,Press It Up
231948,Ray Charles,Hard Times (No One Knows Better Than I) (R&B)
231949,Kyle Dion,Fly Little Bird
231950,TENDER,Erode
231951,PJ Morton,Black Beatles - Recorded at Spotify Studios NYC
231952,Snoh Aalegra,Home
231953,Aretha Franklin,Get It Right
231954,The Trammps,You Touch My Hot Line
231955,Sharon Jones & The Dap-Kings,Call On God
231956,Gill Chang,One For You
231957,Corinne Bailey Rae,Been To The Moon
231958,Nina Simone,Nobody Knows You When You're Down And Out - Live In New York/1965
231959,Opia,YDU (BKAYE Remix)
231960,Allan Rayman,December
231961,Netherfriends,Love Over Money
231962,Lisa Stansfield,8-3-1 - Remastered
231963,Alicia Keys,Work On It
231964,Luther Vandross,Creepin'
231965,Izzy Bizu,Diamond
231966,Majik,Save Me
231967,Lastlings,Verona
231968,Transviolet,Bad Intentions
231969,Set Mo,Wish You Were Here
231970,ELHAE,Slip & Fall (feat. Eric Bellinger)
231971,O. B. Buchana,Swing On
231972,Belly,You
231973,Gladys Knight & The Pips,If I Were Your Woman
231974,Tamar Braxton,Pieces
231975,Kyle Dion,No Strings
231976,The Staple Singers,This Little Light Of Mine
231977,Dionne Farris,I Know
231978,Erykah Badu,Searching - Live Version
231979,Robert Glasper Experiment,Thinkin Bout You - KAYTRANADA Remix
231980,The Undercover Dream Lovers,Feelin' Left Out
231981,The Staple Singers,A Hard Rain's Gonna Fall
231982,Lalah Hathaway,honestly
231983,The Moments,Sexy Mama
231984,Stevie Wonder,If Your Love Cannot Be Moved
231985,Esperanza Spalding,I Can't Help It
231986,12AM,No Good 4 U
231987,Derek Pope,Floor Is Lava
231988,Kem,Heaven
231989,Jamie Woon,Night Air
231990,Sam Cooke,Wonderful World
231991,Warm Brew,Small Victories
231992,The Spinners,The Rubberband Man - Single Version
231993,The Knocks,Shades - Viceroy Remix
231994,Gary Clark Jr.,Stay
231995,John Lee Hooker,I'm In The Mood - Single Version
231996,What So Not,Lone - Ribongia Remix
231997,Erykah Badu,U Don’t Have To Call
231998,Gerry Mulligan,Festive Minor
231999,Theo Katzman,Crappy Love Song
232000,Charlie Burg,Phillip's Bicycle (feat. DJ Shafer)
232001,The Trammps,Rubber Band
232002,Allan Rayman,Peach
232003,Johnny Yukon,All Out
232004,Solange,Dancing in the Dark
232005,Jamie Foxx,Love Changes
232006,Ann Peebles,"Trouble, Heartaches & Sadness"
232007,Diana Ross,Ain't No Mountain High Enough - Edit Version
232008,Ray Charles,Lonely Avenue
232009,24hrs,Keys To My Ride (feat. PnB Rock)
232010,Khai,For You
232011,Alicia Keys,The Gospel
232012,Babyface,The Loneliness
232013,Hiatus Kaiyote,Swamp Thing
232014,MOONZz,Gdbye
232015,Slow Magic,Closer
232016,Transviolet,New Bohemia
232017,Lianne La Havas,Empty - In Paris
232018,Sister Sledge,We Are Family - 2006 Remaster
232019,Maribou State,Tongue
232020,John Legend,Caught Up
232021,George Benson,Just One Of Those Things
232022,The Undercover Dream Lovers,Come Home - Beshken Remix
232023,Sofi de la Torre,Give up at 2
232024,St. Lucia,Bigger
232025,Broods,Freak Of Nature
232026,Shoffy,pushin
232027,Kyle Dion,White
232028,D'Angelo,Higher
232029,B.T. Express,Do It ('Til You're Satisfied)
232030,Johnny Polygon,Almost
232031,Mura Masa,Terrible Love
232032,Nina Simone,Work Song
232033,Jay & The Techniques,"Apples, Peaches, Pumpkin Pie"
232034,India.Arie,Moved By You
232035,Lianne La Havas,Au Cinéma
232036,Brenton Wood,Best Thing I Ever Had
232037,Netherfriends,Pay Me in Weed Not Money
232038,SWV,Anything
232039,Aretha Franklin,Spirit in the Dark
232040,FAVELA,Medals
232041,MANILA GREY,Backhouse Bounce
232042,24hrs,Leave LA (feat. Ty Dolla $ign & Dom Kennedy)
232043,Quincy Jones,Let The Good Times Roll
232044,James Brown,"Hot Pants, Parts 1 & 2"
232045,Madi Sipes & The Painted Blue,Blue Jean Baby
232046,Paolo Nutini,Loving You
232047,Haux,Caves - GXNXVS Remix
232048,Jorja Smith,Carry Me Home (Interlude)
232049,anders,You for You
232050,Major Lance,Please Don't Say No More
232051,Tamar Braxton,Blind
232052,Amir Obe,FREE
232053,Savoir Adore,Dreamers
232054,John Legend,By Christmas Eve
232055,BANKS,Under The Table
232056,Mýa,Best Of Me (Featuring Jadakiss)
232057,Panama,Always - Wave Racer Remix
232058,Capre,Acoustic Layers
232059,Gotts Street Park,Love In Bad Company - Alternate Version
232060,Jutes,Everything
232061,Samm Henshaw,Night Calls
232062,Rahsaan Patterson,Stop Breaking My Heart
232063,DeBarge,Love Me In A Special Way
232064,Robin Thicke,The Sweetest Love
232065,Smokey Robinson,Will You Love Me Tomorrow?
232066,Fabian Secon,Nowhere
232067,St. Paul & The Broken Bones,Apollo - KC Lights Remix
232068,Esperanza Spalding,Judas
232069,Stephanie Mills,Home
232070,[ K S R ],Queen
232071,Menahan Street Band,Black Velvet
232072,Benji Lewis,Never Mine
232073,Nina Simone,Here Comes the Sun
232074,Taj Mahal,Take a Giant Step - 1969 Version
232075,Changing Faces,Foolin' Around
232076,John Legend,Everybody Knows - Live from Spotify Milan
232077,DRAMA,I Choose You
232078,Erykah Badu,Me
232079,Betty Davis,Nasty Gal
232080,Mura Masa,Blu (feat. Damon Albarn)
232081,Phyllis Hyman,Living All Alone - Remastered
232082,The Roots,Mellow My Man
232083,Kyle Dion,Somethings We Can't Do
232084,Tamar Braxton,Heart In My Hands
232085,India.Arie,Beautiful Surprise
232086,BAYNK,Come Home - Hazey Eyes Remix
232087,Faith Evans,Love Like This - 2016 Remaster
232088,Donny Hathaway,Giving Up
232089,Sunni Colon,Little Things
232090,Luther Vandross,Evergreen
232091,UTAH,Hail the Underdog
232092,Jennifer Hudson,Dreamgirls
232093,Jimmy Ruffin,What Becomes of the Brokenhearted
232094,Janelle Monáe,Locked Inside
232095,Otis Redding,I've Got Dreams To Remember
232096,Mating Ritual,Drunk
232097,Jordan Solomon,Mean It
232098,Nellie Tiger Travis,Mr. Sexy Man
232099,RINI,Lay You Down
232100,Louis Prima,"Oh, Marie - Remastered"
232101,Mary Wells,Let Your Conscience Be Your Guide
232102,SMLE,Leave It All
232103,Glades,Drive (Mt. Eden Remix)
232104,Lianne La Havas,Never Get Enough
232105,Louis Futon,Silk Jam
232106,Gary Clark Jr.,Shake (feat. Leon Bridges with Jeff Dazey) - Live
232107,Rendezvous At Two,Loving You
232108,Allie X,Little Things
232109,Sade,Punch Drunk
232110,The Palms,Beach Daze
232111,MIKExANGEL,Wreckless
232112,Mura Masa,Who Is It Gonna B (feat. A. K. Paul)
232113,Dwele,I'm Cheatin'
232114,Eric Benét,I Wanna Be Loved
232115,The Delfonics,Stop and Look (And You Have Found Love)
232116,My Friend Alan,Falling
232117,The Temptations,Beauty Is Only Skin Deep - Single Version / Mono
232118,D'Angelo,"Shit, Damn, Motherfucker"
232119,Donell Jones,All Her Love
232120,Alicia Keys,Love Is Blind
232121,Wishes,I Want To Be Alone With You
232122,The Whispers,I'm Gonna Make You My Wife
232123,ELHAE,Only You
232124,THEY.,Truth Be Told
232125,War,Ballero
232126,Keith Sweat,"Funky Dope Lovin' (feat. Gerald Levert, Aaron Hall and Buddy Banks)"
232127,Surfaces,Loving (Acoustic)
232128,The Spinners,How Could I Let You Get Away
232129,Milt Jackson,Bags' Groove
232130,Leona Lewis,Yesterday
232131,Mark Morrison,Return Of The Mack - Seeb Remix
232132,Kevin Morby,Baltimore (County Line)
232133,Sarah Vaughan,He's My Guy
232134,Charles Bradley,Slow Love
232135,MDWS,Circles
232136,Johnny Griffin,Nice And Easy - Rudy Van Gelder Edition/Remastered 2006
232137,Bondax,All I See - Darius Remix
232138,NoMBe,Jump Right In
232139,Heather Headley,He Is
232140,Jamie Foxx,Heaven
232141,The Temptations,"When I Lay My Burdens Down - Live From ""The Temptations Show""/1968"
232142,Eric Benét,Love Of My Own
232143,Henry Green,Aiir (acoustic)
232144,Harold Melvin & The Blue Notes,To Be True
232145,Gabrielle,Under My Skin
232146,Abhi The Nomad,Sunday
232147,Brandy,Angel in Disquise
232148,Babyface,Grown & Sexy
232149,Nao,We Don't Give A
232150,Darci,Some Say
232151,The Dip,Sea Snake
232152,Keyshia Cole,(I Just Want It) To Be Over
232153,Morgan Saint,Thru Your Phone
232154,D'Angelo,Alright
232155,Average White Band,I'm The One
232156,MANILA GREY,Disco Eyes
232157,Rufus Thomas,Walking the Dog
232158,Quentin Miller,"""Proper Freestyle""."
232159,Chaka Khan,Isn't That Enough
232160,Teyana Taylor,Outta My League
232161,Marvin Sease,I Gotta Clean Up
232162,Brothertiger,This Must Be the Place (Naive Melody)
232163,D'Angelo,Jonz In My Bonz
232164,Tep No,A Different You Original Mix - Original Mix
232165,Anthony Hamilton,Never Let Go
232166,Sarah Vaughan,Make Yourself Comfortable
232167,Shuggie Otis,Purple
232168,Elton,Wake Up
232169,Otis Redding,You Send Me
232170,Jazmine Sullivan,Brand New
232171,The Dramatics,Fell For You
232172,Cymande,Getting It Back
232173,Babeheaven,Your Love
232174,Soul II Soul,Keep On Movin'
232175,Jadu Heart,Purity
232176,Tep No,Eighteen
232177,BANKS,This Is Not About Us
232178,Fats Domino,Blue Monday
232179,Billy Preston,Outa-Space
232180,Chaka Khan,Keep Your Head Up
232181,Maze,Southern Girl - Edit/Remastered
232182,SG Lewis,Meant To Be
232183,Duffy,I'm Scared
232184,Amy Winehouse,Rehab - Pharoahe Monch Remix
232185,Latimore,I Can't Stop Loving You
232186,Gene Ammons,Here's That Rainy Day
232187,Fats Domino,I'm Walkin' - Remastered
232188,IHF,Breeze
232189,Dr. John,Mama Roux
232190,Verzache,Dunes and the Search
232191,Curtis Mayfield,Eddie You Should Know Better
232192,Toni Braxton,Sex & Cigarettes
232193,Fantasia,Even Angels
232194,David Ruffin,Slow Dance
232195,Brenda And The Tabulations,When You're Gone
232196,Al Green,L-O-V-E (Love)
232197,DeBarge,Stay With Me
232198,Handsome Ghost,Maps
232199,Surfaces,Play Pretend (feat. Felly & Healy)
232200,Carl Marshall,Good Loving Will Make You Cry (Remastered)
232201,Ravyn Lenae,Recess
232202,Always Never,Ruok
232203,MIKNNA,NESS
232204,Silk,Girl U for Me
232205,Chuck Berry,Nadine - Single Version
232206,Isaac Hayes,Ike's Mood I - Edit
232207,Affelaye,Whir
232208,Brian McKnight,When I'm Gone
232209,Broods,Heartlines - Cheat Codes Remix
232210,KOLIDESCOPES,Back To You
232211,Solange,Ode to Marvin
232212,Jerry Folk,Life Under Water
232213,Tony! Toni! Toné!,If I Had No Loot
232214,Billie Holiday,The Way You Look Tonight (with Teddy Wilson & His Orchestra) - Take 2
232215,Marsha Ambrosius,Have You Ever
232216,Tweet,Turn da Lights Off (feat. Missy Elliott)
232217,John Legend,Show Me
232218,The Emotions,Blind Alley
232219,Aquilo,I Lost A Bet
232220,Darci,At Least
232221,Macy Gray,Still
232222,LEISURE,Falling
232223,Jill Scott,Not Like Crazy
232224,Louis La Roche,Ghost
232225,Michael Kiwanuka,Father's Child
232226,Charles Hamilton,Brooklyn Girls
232227,Yo Trane,Let Me Know
232228,Meshell Ndegeocello,Beautiful
232229,Meshell Ndegeocello,Please Don't Let Me Be Misunderstood
232230,Col3trane,Language (feat. Ebenezer)
232231,Lisa Stansfield,Change - Edit
232232,Stevie Wonder,Someday At Christmas
232233,O.V. Wright,Everybody Knows (The River Song)
232234,DROELOE,See Through Me
232235,The Palms,Warning Sign
232236,Bill Withers,Do It Good
232237,Allan Rayman,Shelby Moves
232238,Allan Rayman,Much Too Much
232239,Marvin Gaye,Rockin' After Midnight
232240,Sade,Soldier of Love - Remastered
232241,duendita,Magdalena
232242,Louis Futon,The Beginning
232243,Johnny Yukon,Voices
232244,The Isley Brothers,Don't Say Goodnight (It's Time for Love) - Part I & 2
232245,D'Angelo,Back to the Future (Part I)
232246,Majid Jordan,Shake Shake Shake
232247,The Drifters,White Christmas
232248,Sunny & The Sunliners,Should I Take You Home (Keyloc Version)
232249,Ted Hawkins,Peace & Happiness
232250,Morgan Saint,YOU - Stripped
232251,Buddy Guy,Flesh & Bone (Dedicated to B.B. King)
232252,dvsn,Another One
232253,John Legend,I Can Change (feat. Snoop Dogg)
232254,Jordan Hollywood,X-Files
232255,Jr. Walker & The All Stars,Ain't That The Truth
232256,Janelle Monáe,Neon Gumbo
232257,Rag'n'Bone Man,Try Again - Jim Eno Sessions
232258,Curtis Mayfield,P.S. I Love You
232259,Jamie Foxx,Storm (Forecass)
232260,Total,Sitting Home
232261,Slum Village,Tainted
232262,Electric Guest,Under The Gun
232263,Lyfe Jennings,Cry
232264,Hayden James,Better Together - Happiness Is Wealth Disco Remix
232265,Sarah Vaughan,Misty
232266,Barbara Mason,I'm No Good For You
232267,Janet Jackson,Because Of Love
232268,Dre'es,Pardon (Bu²ju²)
232269,D'Angelo,The Line
232270,Reo Cragun,Thrilla
232271,BRIDGE,Dreaming
232272,Bobby Womack,Fly Me To The Moon (In Other Words)
232273,Stevie Wonder,Joy Inside My Tears
232274,Liam Bailey,When Will They Learn - Radio Edit
232275,Beauvois,Limbs of Faith
232276,The Chantels,Look into My Eyes
232277,Anthony Hamilton,Better Days
232278,Jai Wolf,Lost (feat. Chelsea Jade) [CRAY Remix]
232279,Anna Of The North,Oslo
232280,Magic Sam,All Your Love
232281,Alex Hepburn,Take Home To Mama
232282,John Legend,Aim High
232283,Sam Cooke,Nothing Can Change This Love - Live
232284,R.LUM.R,Be Honest
232285,Gary Clark Jr.,Soul
232286,Etta James,Anything to Say You're Mine
232287,Tiffany Gouché,Dive
232288,James Morrison,The Pieces Don't Fit Anymore
232289,Handsome Ghost,Here's To Endings
232290,Smoke Dza,Dusk 2 Dusk
232291,Emily King,Sleepwalker
232292,Brian McKnight,Crazy Love
232293,Durand Jones & The Indications,"I Can't Do Without You - Live from Bloomington, IN"
232294,Calvin Richardson,Treat Her Right
232295,Dwn2earth,Stay Tho
232296,Jake Hope,Reasons
232297,Rose Royce,Wishing On A Star - Edit
232298,Joe,Majic
232299,The O'Jays,Give the People What They Want
232300,Vancouver Sleep Clinic,Killing Me To Love You
232301,Hiatus Kaiyote,Nakamarra (Rox N Stix Desert Mix)
232302,Jessica Domingo,Damn. Medley: Kendrick Lamar
232303,Johnnie Taylor,Steal Away
232304,India.Arie,Chocolate High
232305,Charlie Wilson,Smile For Me
232306,Taska Black,In The End
232307,Faith Evans,A Minute
232308,ELHAE,Moments (feat. Sevyn Streeter)
232309,Robotaki,Monkey Bars
232310,Rose Royce,Ooh Boy
232311,Booker T. & the M.G.'s,Sunday Sermon
232312,The Modern Jazz Quartet,Fontessa
232313,Croosh,Kiki
232314,Major Lance,Gotta Right to Cry
232315,LEISURE,Feeling Free
232316,Angela Winbush,Angel
232317,Hiss Golden Messenger,Watching the Wires
232318,TENDER,Handmade Ego
232319,Calvin Richardson,Keep On Pushin' - Original Version
232320,Chaka Khan,Ladylike
232321,Alicia Keys,Not Even the King
232322,Great Good Fine Ok,Find Yourself - Ashworth Remix
232323,Aquilo,Calling Me
232324,"Earth, Wind & Fire",We're Living in Our Own Time
232325,Ben L'Oncle Soul,I've Got You Under My Skin
232326,The Emotions,So I Can Love You
232327,Howard Hewett,I'm for Real
232328,Keith Sweat,I'll Give All My Love To You
232329,DROELOE,Wake The Warrior
232330,Dave Hollister,My Favorite Girl
232331,Snoh Aalegra,Recent Times
232332,Set Mo,Comfort You - Extended Mix
232333,"Sly, Slick & Wicked",Sho' Nuff
232334,Erykah Badu,No Love
232335,St. Lucia,Do You Remember
232336,Brenton Wood,Two Time Loser
232337,Yumi Zouma,Barricade (Matter Of Fact)
232338,Skott,Amelia
232339,Stevie Wonder,Evil
232340,Martha Reeves & The Vandellas,Jimmy Mack - Single Version (Mono)
232341,Emeli Sandé,Garden
232342,Erykah Badu,Sometimes
232343,Nina Simone,Since I Fell for You - Original Mix
232344,Bayonne,Same
232345,India.Arie,I Am Not My Hair
232346,Bay Ledges,June
232347,Seinabo Sey,I Owe You Nothing
232348,Anthony Hamilton,My First Love
232349,Levert,"(Pop, Pop, Pop) Goes My Mind"
232350,112,Only You (feat. Notorious B.I.G. and Mase) - Greatest Hits Version
232351,Kevin Morby,Farewell Transmission
232352,Mary J. Blige,Do You Hear What I Hear?
232353,Paul Desmond,Take Ten
232354,Gene Chandler,Familiar Footsteps
232355,Ralph,Cold to the Touch
232356,Erykah Badu,Hi
232357,Johnny Yukon,Lonely
232358,Majid Jordan,Asleep
232359,Detroit Swindle,"Yes, No, Maybe feat. Tom Misch"
232360,LeToya Luckett,In The Name
232361,Mint Condition,Someone To Love
232362,Rexx Life Raj,Shit n' Floss
232363,Sade,Love Is Stronger Than Pride - Remastered
232364,James Brown,Night Train - Single Version
232365,Kai Straw,"Baby, Pick Up Your Gun"
232366,Ray Charles,Mary Ann
232367,Maze,Feel That You're Feelin' - Edit/Remastered
232368,Paolo Nutini,No Other Way
232369,Rufus,Everlasting Love
232370,BANKS,Haunt
232371,TENDER,Illuminate
232372,T.K. Soul,Single Woman
232373,Seal,Don't Cry
232374,MANILA GREY,Eastbound
232375,Louis Prima,Che La Luna
232376,SOHN,Red Lines
232377,John Legend,Please Come Home For Christmas
232378,Sharon Jones & The Dap-Kings,Stranger to My Happiness
232379,Todd Rundgren,Bang the Drum All Day
232380,Corinne Bailey Rae,Paris Nights / New York Mornings
232381,Fantasia,I Nominate U
232382,Palace,Family
232383,What So Not,Better
232384,Elohim,I Want You
232385,War,The World Is A Ghetto
232386,Eugene McDaniels,Sagittarius Red
232387,Sam Cooke,Having a Party - Live
232388,Aquilo,You Won't Know Where You Stand
232389,Average White Band,Love Your Life
232390,Phonte,It's So Easy
232391,Nessly,Christmas Lights
232392,Shy Girls,Xhampagne (feat. Antwon)
232393,Manwolves,Free Squares
232394,Lady Wray,Do It Again
232395,"Earth, Wind & Fire",Can't Let Go
232396,Croosh,Stir It
232397,Clarence Carter,Part Time Love
232398,The Velvelettes,(We've Got) Honey Love
232399,Khai,Into the Dark
232400,Willie Mitchell,Breaking Point
232401,Chuck Berry,My Ding-A-Ling - Live
232402,Cymande,Ras Tafarian Folk Song
232403,Croosh,Decision
232404,Brian McKnight,Still
232405,Jazmine Sullivan,Dumb
232406,Wayne Shorter,Adventures Aboard the Golden Mean (The Wayne Shorter Quartet Live In London) - Live
232407,Hiatus Kaiyote,Choose Your Weapon
232408,Seinabo Sey,Never Get Used To
232409,Madeleine Peyroux,Weary Blues
232410,Ray Charles,Sinner's Prayer
232411,Jerry Folk,Where I'm Going
232412,Amy Winehouse,Take The Box - Album Version (Edited)
232413,Amy Winehouse,I Heard Love Is Blind - Live
232414,Paul Desmond,Bossa Antigua
232415,The Kid Daytona,Hold Up
232416,Diana Ross,My Mistake (Was To Love You)
232417,Kasbo,Find
232418,Hazey Eyes,Skyline
232419,Maxwell,W/As My Girl
232420,DJ Pella,DopeMan Go
232421,Caleb Hawley,One Life
232422,Elohim,Insecure
232423,Seinabo Sey,Truth
232424,The Supremes,When The Lovelight Starts Shining Through His Eyes
232425,ELHAE,fXXX
232426,Commodores,High On Sunshine
232427,Percy Sledge,My Special Prayer
232428,The Dip,She Gave Me the Keys
232429,Rendezvous At Two,Crazy / Take Me Home
232430,Moe Green,Running To The Sky
232431,Janelle Monáe,Faster
232432,Nina Simone,Backlash Blues
232433,Alicia Keys,Prelude To a Kiss
232434,Snoh Aalegra,Under The Influence
232435,Paloma Faith,"God is a woman - Recorded at Metropolis Studios, London"
232436,Holladay,Done Giving Out My Heart (Tremble)
232437,Sunny & The Sunliners,Put Me in Jail
232438,Tevin Campbell,Tell Me What You Want Me to Do
232439,Total,Can't You See (feat. The Notorious B.I.G.) - 2016 Remaster
232440,Belly,Zanzibar
232441,Luther Vandross,Power of Love / Love Power
232442,Dave Hollister,Can't Stay
232443,Otis Redding,Change Is Gonna Come - Remastered Mono Album Version; Remastered Mono
232444,Funkadelic,I'll Stay
232445,Etta James,I Got You Babe
232446,IDER,Body Love
232447,Maribou State,The Clown
232448,Erykah Badu,Bag Lady - Cheeba Sac Radio
232449,Broods,Everytime
232450,Tamar Braxton,Lions and Tigers and Bears
232451,LEISURE,Tied Up
232452,Jr. Walker & The All Stars,Shoot Your Shot
232453,Anthony Hamilton,Float
232454,IHF,Autumn Leaves
232455,The Isley Brothers,Mission To Please You
232456,Kllo,Sense
232457,DRAMA,Majid
232458,Kelly Rowland,Lay It On Me
232459,Jazz Cartier,• 100 Roses
232460,Matt Duncan,Lone Ranger
232461,Al Green,You've Got The Love I Need
232462,The Temptations,For Once In My Life - Album Version (Stereo)
232463,India.Arie,Breathe
232464,Kem,Tonight
232465,Sade,Kiss of Life - Live 2011
232466,Sam Cooke,Twistin' The Night Away - Live
232467,HONNE,Didn't I
232468,Gil Scott-Heron,I'll Take Care Of U
232469,Late June,It Was Always You
232470,Janelle Monáe,Pynk (feat. Grimes) - King Arthur Remix
232471,Supreme Jubilees,Do You Believe
232472,Karen Wolfe,Man Enough
232473,Barbara Mason,You Never Loved Me (At All)
232474,Allen Stone,Reality
232475,Mary J. Blige,You Gotta Believe
232476,The Temptations,Girl (Why You Wanna Make Me Blue)
232477,TYuS,How Far
232478,Kai Straw,The Recipe
232479,Oscar Peterson Trio,Georgia On My Mind
232480,Asiahn,Drip
232481,Lisa Stansfield,So Be It - Soultalk Remix
232482,After 7,Too Late
232483,Jereena Montemayor,Provide
232484,The Jones Girls,You Gonna Make Me Love Somebody Else
232485,Brighter Side of Darkness,Love Jones
232486,Rhye,Verse
232487,Catching Flies,Satisfied - Edit
232488,Mary Wells,What Love Has Joined Together - Single Version
232489,Gnarls Barkley,A Little Better
232490,India.Arie,Just Do You
232491,Otis Clay,Trying to Live My Life Without You
232492,Johnny Gill,Half Crazy
232493,Charles Bradley,You Think I Don't Know (But I Know)
232494,HONNE,Loud Places - Live from Spotify London
232495,Gwen McCrae,Rockin' Chair
232496,Verzache,Ice Cream
232497,The Temptations,Ball Of Confusion (That's What The World Is Today)
232498,Eugene McDaniels,Outlaw
232499,Shirley Ann Lee,Someday
232500,Transviolet,Long Shot
232501,Son Little,O Mother
232502,Curtis Harding,Face Your Fear
232503,Fat Larry's Band,Act Like You Know
232504,The Whispers,In the Mood
232505,Tamar Braxton,The Makings Of You
232506,slenderbodies,pressure
232507,Reo Cragun,Fallin
232508,Jessie Ware,Kind Of...Sometimes...Maybe
232509,Robin Thicke,Back Together
232510,Mary J. Blige,Don't Mind
232511,Liam Bailey,On My Mind
232512,Cool Company,Be More Mad
232513,Janet Jackson,No Sleeep
232514,Paolo Nutini,Rewind
232515,Tep No,Me and My Guitar
232516,Julie London,The End Of The World
232517,Ramriddlz,Sweeterman
232518,Sophie Meiers,Glorious Disaster - Demo
232519,Joe Simon,Before The Night Is Over
232520,Charles Bradley,You Put the Flame on It (feat. Menahan Street Band)
232521,Che Ecru,Thii
232522,Roy Woods,Glasses
232523,Autograf,Metaphysical - Daktyl Remix
232524,Stephanie Mills,Two Hearts - Single Version
232525,Bobby Womack,Harry Hippie
232526,Total,Can't You See - Original Version
232527,Heatwave,Ain't No Half Steppin'
232528,Maxwell,Gods
232529,Leona Lewis,I Got You
232530,Sure Sure,Solstice Song
232531,Ohio Players,Feelin' Alright
232532,The Moments,Love On A Two-Way Street
232533,Johnny Rain,Head
232534,Ayelle,Actor
232535,The Knocks,House Party - Zookëper Brown Note Remix
232536,John Legend,Ordinary People - Live from Spotify Milan
232537,Yahzarah,All My Days (feat. Darien Brockington)
232538,Shy Girls,Second Heartbeat
232539,Wayne Shorter,Footprints (Remastered)
232540,Speedometer,Troubled Land (feat. James Junior)
232541,Albert King,Call It Stormy Monday
232542,Luther Vandross,Don't Want to Be a Fool
232543,Methrone,Loving Each Other 4 Life
232544,St. Paul & The Broken Bones,La bruit
232545,Smoke Dza,Legend Has It
232546,Cymande,Bird - Bonus Track
232547,Vallis Alps,Serity
232548,ELHAE,Love a Ni**a
232549,Bill Evans Trio,Waltz for Debby (Take 2)
232550,Samm Henshaw,Better
232551,Mary J. Blige,All That I Can Say
232552,The Shirelles,Soldier Boy
232553,Aftertheparty,Outrun
232554,SMLE,With Me (feat. Hype Turner & Mary Ellen)
232555,Nessly,Not My Lover
232556,Donald Byrd,Wind Parade
232557,Samm Henshaw,Broke (feat. Yizzy) - Rude Kid Remix
232558,Amber-Simone,Only You
232559,Vory,Try
232560,Sonny Rollins,St. Thomas
232561,The Whispers,Is It Good To You
232562,Mura Masa,All Around The World (feat. Desiigner & Chynna) - Sega Bodega Remix
232563,Asiahn,Lead
232564,Michael Kiwanuka,Waiting Around to Die
232565,Lee Fields & The Expressions,You're the Kind of Girl
232566,Stevie Wonder,Contusion
232567,Surfaces,Ocean Breeze (Acoustic)
232568,Bobby Womack,Where Do We Go From Here
232569,Ol Skool,Am I Dreaming
232570,Bobby Womack,You're Messing Up A Good Thing
232571,Guy,Yearning For Your Love
232572,Keith Sweat,Good Love
232573,"Evelyn ""Champagne"" King",Aquarius / Let the Sun Shine In
232574,Q-Tip,WeFight/WeLove
232575,Always Never,Call Me Over
232576,Joe Henderson,Blue Bossa - Remastered
232577,Eric Benét,Cracks of My Broken Heart
232578,Bondax,Gold
232579,Glades,Not About You
232580,THEY.,What You Want
232581,RITUAL,Better By Now
232582,John Legend,It Don't Have to Change (feat. The Stephens Family)
232583,Charlie Burg,Leaves (Reboot)
232584,SALES,Mondays
232585,Elohim,Xanax
232586,Aretha Franklin,Walk On By
232587,Brandt Orange,Chaser
232588,Mark Morrison,Return of the Mack - Acapella
232589,Jaheim,Backtight
232590,Corinne Bailey Rae,Call Me When You Get This
232591,The Dip,Tryin'
232592,Anfa Rose,In and Out
232593,Saro,Rampart
232594,Maxine Brown,"Oh No, Not My Baby"
232595,Isaac Hayes,A Few More Kisses To Go
232596,Glades,Drive (Stripped)
232597,Fickle Friends,Hard To Be Myself
232598,Attom,Dive (feat. Cosmos & Creature)
232599,Michael Kiwanuka,Lasan
232600,Gerald Levert,U Got That Love (Call It a Night)
232601,Emeli Sandé,Kung Fu
232602,Keyshia Cole,Woman To Woman
232603,Jazz Cartier,• WHICH ONE
232604,Red Garland Trio,'Tis Autumn
232605,Macy Gray,Buddha
232606,Men I Trust,Sad Organ
232607,Sam Cooke,"Come, Let Us Go Back To God"
232608,Sade,Still in Love with You
232609,Geographer,Summer of my Discontentment
232610,Nina Simone,Blues for Mama
232611,Sofi de la Torre,Voicebreaks
232612,Maxwell,Pretty Wings
232613,Isaac Hayes,"Theme From ""Shaft"""
232614,John Legend,Purple Snowflakes
232615,Jackson Lundy,Justwanna
232616,The Knocks,Love Me Like That (feat. Carly Rae Jepsen)
232617,Jr. Walker & The All Stars,Way Back Home
232618,Billy Paul,Let the Dollar Circulate
232619,Leon Bridges,Coming Home - Live at SXSW 2015
232620,Dharmasoul,Love Again
232621,Sunny & The Sunliners,Talk to Me
232622,Jordan Solomon,Met Yet
232623,Sade,Jezebel - Remastered
232624,The Equatics,What They Doin?
232625,Jutes,Give You Up
232626,Thomston,Anaesthetic
232627,EMBRZ,Last Thread (feat. Huntar)
232628,Skott,Russian Soul
232629,Vancouver Sleep Clinic,Stakes
232630,Young & Sick,Jet Black Heart
232631,Freddie Hubbard,Gypsy Blue - The Rudy Van Gelder Edition/2002 Digital Remaster
232632,11:11,Wild Ting
232633,Elohim,She Talks Too Much
232634,Handsome Ghost,Reckless Lover
232635,Young & Sick,Ohh My Ghosts
232636,Urban Mystic,I Refuse (Album Version)
232637,Smokey Robinson,You Really Got A Hold On Me
232638,Swim,Heartbeat Connection
232639,War,Why Can't We Be Friends
232640,Corinne Bailey Rae,Since I've Been Loving You
232641,Tweet,Beautiful
232642,Nina Simone,Save Me
232643,Mary J. Blige,I'm The Only Woman
232644,Mura Masa,SOLE M8S
232645,Son Little,Kimberly's Mine
232646,Billie Holiday,The Man I Love
232647,Gnarls Barkley,Who Cares?
232648,Sly & The Family Stone,"Heard Ya Missed Me, Well I'm Back"
232649,Leon Bridges,Better Man - Live at SXSW 2015
232650,Geographer,Get There Soon
232651,D'african,Inhale the Kush - Exhale My Problems
232652,The Temptations,Cloud Nine - FKJ Remix
232653,Smokey Robinson & The Miracles,The Tears Of A Clown - Album Version / Mono
232654,Hazey Eyes,Living Wild
232655,Anthony Hamilton,I'm Cool - No Rap Version
232656,BANKS,Bedroom Wall
232657,Major Lance,The Monkey Time
232658,Theo Katzman,As the Romans Do
232659,Rag'n'Bone Man,Rain
232660,Jamie Foxx,Overdose
232661,Morgan Saint,Until the Day I Die
232662,Soulive,Joyful Girl
232663,Harrison Brome,9 to 5
232664,A l l i e,Let Her
232665,Nina Simone,The Times They Are A-Changin' [Outtake]
232666,slenderbodies,"opal ocean, pt. 2"
232667,JOY.,Fake It
232668,Floetry,Hey You
232669,Anthony Hamilton,Walk In My Shoes
232670,Majik,X
232671,Howlin' Wolf,How Many More Years
232672,El Michels Affair,Unathi
232673,RKCB,"For Me, for You"
232674,Catching Flies,Stay Forever
232675,cehryl,Knock on Wood
232676,Aaron Hall,When You Need Me
232677,Aftertheparty,I Feel Bad
232678,Jill Scott,All I
232679,Thutmose,KanYe's Favorite Song
232680,Jordan Rakei,May
232681,Harold Melvin & The Blue Notes,Bad Luck
232682,Rhye,Sinful
232683,War,Me and Baby Brother
232684,Jake Hope,M.I.A.
232685,Roberta Flack,Back Together Again (feat. Donny Hathaway)
232686,Peggy Scott-Adams,Bill
232687,Amp Fiddler,Through Your Soul
232688,Toni Braxton,My Heart
232689,Tamar Braxton,If I Don't Have You
232690,Aquilo,Human
232691,Malina Moye,If 6 Was 9
232692,Netherfriends,I Tweaked When I Saw Your Face
232693,Allen Toussaint,Country John
232694,Erykah Badu,Drama
232695,Klyne,Ecstacy
232696,Amy Winehouse,You Know I'm No Good - Ghostface UK Version
232697,Autograf,Slow Burn
232698,BAYNK,Find You
232699,Donell Jones,You Know That I Love You
232700,The Isley Brothers,Work to Do
232701,Willie Hutch,Brother's Gonna Work It Out - The Mack/Soundtrack Version
232702,Kem,Why Would You Stay - Main
232703,B.B. King,How Blue Can You Get?
232704,Ella Vos,You Don't Know About Me - The ACLU Remix
232705,Joss Stone,Put Your Hands On Me
232706,Irma Thomas,Ruler of My Heart
232707,Iris Temple,Tear U Down
232708,Tamar Braxton,How I Feel
232709,Rexx Life Raj,Tucked Off Shawty / Touchdown
232710,Joss Stone,Some Kind Of Wonderful
232711,SiR,The Canvas
232712,The Knocks,Comfortable (feat. X Ambassadors)
232713,Great Good Fine Ok,You're The One For Me
232714,Keith Sweat,How Many Ways
232715,H-Town,They Like It Slow
232716,Emily King,Down
232717,John Legend,Quickly (feat. Brandy)
232718,Belly,P.O.P.
232719,Muddy Waters,I Just Want To Make Love To You - Electric Mud Album Version
232720,"Bobby ""Blue"" Bland",I'll Take Care Of You - Single Version
232721,Slave,Son Of Slide
232722,Jr Thomas & The Volcanos,Burning Fire
232723,Muddy Waters,(I'm Your) Hoochie Coochie Man
232724,R.LUM.R,With My Words
232725,Mint Condition,You Don't Have To Hurt No More
