User_ID,Song_ID,Stream_Count,Last_Listened_Date
1,200478,41,2026-01-16T07:16:54.389709
1,151017,54,2026-02-22T07:20:54.028238
1,188224,66,2026-03-31T05:50:24.186642
1,186555,79,2026-02-23T10:11:42.197227
1,51663,56,2026-03-08T15:19:00.020490
2,10262,85,2026-03-20T07:20:54.554258
3,203138,85,2026-02-19T20:56:57.790511
3,192560,18,2026-03-11T16:47:11.806870
3,42881,1,2026-03-11T07:54:51.919552
3,132229,95,2026-01-27T07:08:00.525814
3,222470,72,2026-03-17T23:24:57.786838
3,201038,92,2026-02-17T07:17:58.817795
3,42575,88,2026-03-25T05:02:46.766022
3,71072,40,2026-03-22T03:35:24.629042
4,75399,73,2026-01-04T11:26:13.825645
4,36202,22,2026-02-05T01:11:30.754972
4,12332,14,2026-03-17T06:33:28.351187
4,190918,65,2026-02-08T16:45:27.203416
4,122658,47,2026-02-21T00:39:05.536903
4,214209,8,2026-03-05T18:57:59.839878
4,143835,17,2026-01-02T08:26:00.928982
5,104972,80,2026-03-11T02:48:29.684787
5,225342,69,2026-01-29T13:15:45.229681
5,61525,64,2026-03-05T03:52:22.049389
5,199920,76,2026-02-20T07:12:14.830410
5,130261,64,2026-01-22T14:33:11.091785
5,35943,28,2026-01-04T01:10:04.530458
5,28638,26,2026-02-20T08:32:23.341436
5,36460,61,2026-02-18T18:01:36.348369
5,79020,19,2026-02-04T05:14:53.063548
5,226985,49,2026-03-05T15:50:29.301045
5,11827,99,2026-03-01T09:21:38.609951
5,160179,72,2026-01-28T07:14:13.948437
6,192986,81,2026-03-20T23:10:32.833805
6,137875,28,2026-01-19T18:39:31.527921
6,132643,40,2026-03-01T04:13:51.182532
6,209417,16,2026-03-14T15:57:31.871910
6,138287,20,2026-03-08T17:53:11.570160
6,232389,18,2026-01-03T12:58:22.885062
6,15759,32,2026-02-14T13:35:32.937364
6,26466,9,2026-01-10T13:04:09.644922
6,184111,48,2026-03-20T14:25:10.611016
6,182601,31,2026-01-22T21:55:59.226257
6,119535,32,2026-02-19T13:43:57.173978
6,116772,79,2026-03-26T12:53:32.431588
6,60569,11,2026-03-09T11:29:30.002012
6,37087,16,2026-01-01T06:43:57.510725
6,307,96,2026-02-22T06:18:18.622252
6,130985,83,2026-01-27T19:57:59.194412
6,134029,46,2026-01-29T04:00:17.980972
7,149882,56,2026-03-16T07:21:10.430773
7,59407,61,2026-01-12T04:17:35.220084
8,217163,14,2026-01-22T11:39:48.049982
8,38619,10,2026-02-18T23:18:19.497446
8,5812,89,2026-01-15T13:06:49.670392
8,203274,82,2026-01-18T13:23:16.222310
8,90857,82,2026-01-20T00:46:23.629626
8,35054,39,2026-03-22T02:40:06.584815
8,121786,70,2026-03-13T03:21:46.613595
8,12346,3,2026-01-03T20:14:35.449980
8,25263,36,2026-01-23T22:46:18.860002
8,24682,63,2026-02-06T17:35:38.223277
9,48188,43,2026-02-06T06:14:16.119968
9,50040,1,2026-01-07T16:29:41.374986
9,63083,54,2026-02-26T23:52:14.130643
9,122096,32,2026-03-18T12:36:37.935132
9,175785,75,2026-01-05T10:52:06.221614
9,156160,58,2026-03-28T11:39:57.876915
9,124389,44,2026-01-02T10:32:00.609968
9,54201,84,2026-04-01T14:12:18.130759
9,175154,93,2026-02-22T01:36:39.777520
9,25910,92,2026-03-03T07:29:46.327535
9,224244,14,2026-02-26T00:48:51.040401
9,113806,30,2026-01-30T12:31:17.044098
9,106317,72,2026-01-29T14:49:47.379222
9,62862,23,2026-02-05T18:31:22.139443
9,132440,17,2026-01-19T08:40:59.874441
9,113707,50,2026-03-22T18:20:39.683351
9,168981,31,2026-03-21T11:00:47.802916
9,41661,53,2026-01-26T10:14:53.715678
9,188755,78,2026-02-05T19:42:34.233132
9,113990,44,2026-02-21T19:22:50.739722
10,77116,5,2026-01-14T16:28:09.653406
10,77433,95,2026-01-08T03:02:49.997294
10,213917,80,2026-03-13T00:49:31.747248
10,115634,84,2026-01-01T11:42:19.413982
11,218703,22,2026-01-30T10:58:01.092885
11,231293,97,2026-03-19T08:25:07.754249
11,78024,91,2026-03-28T01:33:02.547806
11,98496,14,2026-03-31T20:34:01.221582
11,63879,74,2026-01-19T11:09:10.651220
11,89799,85,2026-01-17T02:02:14.607681
11,195179,52,2026-02-02T23:35:24.073557
11,74129,98,2026-03-21T02:59:08.865086
11,132383,12,2026-03-21T12:30:05.296025
11,150100,43,2026-03-02T05:05:22.339889
11,169585,2,2026-01-26T04:00:54.378791
11,123445,44,2026-03-12T18:08:45.519701
12,191218,43,2026-03-19T20:58:15.819769
12,124811,67,2026-01-19T21:16:34.720047
12,40835,51,2026-02-14T03:24:13.895959
12,144347,80,2026-01-15T03:33:52.692384
12,166540,96,2026-01-23T03:43:41.083673
12,110953,65,2026-01-12T23:59:32.454544
12,148981,33,2026-03-09T00:18:49.335862
12,92021,31,2026-02-08T09:45:57.871063
12,121676,85,2026-03-28T10:29:38.423408
12,37644,95,2026-03-31T22:54:34.729052
12,140761,88,2026-03-01T23:06:44.993063
12,54005,63,2026-01-27T09:37:16.650560
12,138101,57,2026-03-15T07:57:56.647371
12,153643,87,2026-03-21T01:19:35.177241
13,202394,86,2026-01-10T07:37:07.039023
13,151551,8,2026-03-01T06:12:16.846412
13,216984,34,2026-03-09T19:55:57.308727
13,193747,55,2026-01-31T09:02:14.543119
13,162650,31,2026-03-28T17:36:25.548535
13,94673,57,2026-02-20T16:35:59.256989
13,219300,85,2026-03-05T12:52:03.228441
13,193857,6,2026-03-05T05:32:41.626525
13,77971,21,2026-01-17T10:05:42.679131
13,6129,25,2026-01-27T09:42:03.265546
13,132927,80,2026-02-10T13:05:29.614548
13,196692,36,2026-01-30T11:15:02.581922
13,3911,80,2026-02-22T11:07:02.104016
13,158808,32,2026-01-01T13:18:34.493139
13,89544,57,2026-03-25T08:03:55.544180
13,182348,54,2026-03-20T00:23:14.917628
13,86524,32,2026-01-13T06:25:54.841330
13,84189,64,2026-01-17T15:24:38.430562
13,1243,17,2026-03-03T08:29:16.742092
13,187263,84,2026-03-08T05:28:39.015996
14,146904,29,2026-01-13T17:27:04.175919
14,41934,28,2026-02-10T20:44:32.706538
14,196392,15,2026-01-09T05:03:09.066997
14,52417,42,2026-01-27T07:29:22.039082
14,3376,48,2026-01-17T14:16:55.441607
14,220042,10,2026-03-01T08:08:41.575103
14,175395,71,2026-01-07T22:37:38.260327
14,115781,65,2026-02-16T22:18:55.790199
14,211399,3,2026-03-24T21:45:29.385828
14,186647,69,2026-02-07T12:36:43.388728
14,127121,8,2026-01-25T09:40:56.887484
14,148943,42,2026-03-13T13:50:17.477032
14,115669,47,2026-01-22T10:21:11.132308
14,52046,96,2026-03-14T23:32:46.094652
14,111019,50,2026-02-09T04:24:11.718093
14,137988,31,2026-03-02T19:01:02.795645
14,50689,47,2026-03-14T18:45:58.078060
15,74723,25,2026-01-06T07:01:14.726116
15,82901,22,2026-01-22T17:35:01.166137
15,68225,22,2026-02-17T11:28:57.491759
15,160759,39,2026-03-28T07:22:21.039449
15,219514,27,2026-02-01T16:34:25.502187
15,88079,82,2026-03-24T08:01:21.385781
15,78850,60,2026-03-14T18:33:08.218201
15,3507,22,2026-03-11T11:31:42.735031
15,150005,22,2026-03-30T00:04:15.403094
15,225808,43,2026-02-17T08:01:56.834710
15,85717,99,2026-02-17T06:55:25.737666
15,181072,15,2026-03-18T12:22:49.290587
16,159749,43,2026-01-29T07:00:22.476835
16,147055,27,2026-02-20T14:40:03.626593
16,7205,33,2026-01-15T05:17:30.466474
16,59909,99,2026-01-17T14:45:19.324028
16,90129,14,2026-01-29T02:04:11.000171
16,183984,59,2026-02-04T12:53:19.831924
16,180913,18,2026-03-27T14:47:03.688152
16,115981,61,2026-01-08T01:07:31.033196
16,73312,34,2026-02-14T03:29:42.927086
16,175789,90,2026-03-23T12:45:46.656355
16,69186,84,2026-02-22T14:36:56.361789
16,1543,91,2026-03-17T04:52:54.417652
16,185982,64,2026-01-02T17:54:33.005388
16,226410,96,2026-03-07T03:07:33.403444
16,50614,73,2026-02-12T23:46:48.643710
16,95070,90,2026-03-18T07:48:05.721870
16,149482,15,2026-03-24T13:13:12.943561
16,147070,3,2026-01-18T02:13:54.181057
17,186215,89,2026-01-12T23:43:48.943753
17,47771,58,2026-03-04T14:28:39.320116
18,222547,38,2026-03-09T18:54:51.206751
18,183776,8,2026-01-18T21:53:52.936004
18,206468,48,2026-01-01T18:18:49.919446
19,61468,31,2026-02-05T17:35:31.440851
19,33461,53,2026-02-19T03:40:49.994306
19,9110,43,2026-02-21T05:16:41.539975
19,114794,86,2026-01-13T02:02:04.989918
20,144929,18,2026-02-03T12:26:09.203552
20,72482,44,2026-02-19T18:46:51.911839
20,135867,39,2026-01-07T05:02:00.948713
20,157551,71,2026-01-16T04:52:10.709053
20,179424,93,2026-02-24T21:25:19.734462
20,186933,16,2026-01-04T05:30:32.246031
20,163606,4,2026-02-04T13:30:30.462624
20,84813,27,2026-04-01T01:33:30.057515
20,71561,22,2026-03-05T04:55:08.835300
21,30456,33,2026-02-27T23:51:10.895281
21,127314,53,2026-03-19T15:54:01.084754
21,204360,29,2026-01-16T10:29:52.180224
21,63332,1,2026-03-14T19:55:43.767059
22,42371,39,2026-02-09T10:07:38.873636
22,105926,43,2026-02-14T17:28:23.815754
22,91833,33,2026-03-25T23:05:14.361161
22,78239,33,2026-03-25T15:17:40.950570
22,49349,21,2026-02-18T07:04:55.899063
22,32138,70,2026-03-09T10:48:44.339338
22,152816,70,2026-03-10T04:02:37.726582
22,89486,39,2026-02-26T20:16:27.008452
22,140741,97,2026-02-18T15:34:16.428955
22,224237,84,2026-01-13T19:38:06.920869
23,103096,88,2026-01-22T12:33:42.119833
23,168838,55,2026-01-30T03:54:22.904552
23,88226,38,2026-01-21T03:33:10.892766
23,183826,10,2026-02-07T04:09:40.482734
23,26418,97,2026-02-13T21:41:21.532652
23,44333,97,2026-03-01T23:31:27.725217
24,153873,9,2026-01-28T01:23:15.269683
24,16028,90,2026-02-16T02:38:49.127033
24,53949,12,2026-01-01T18:24:55.495322
24,156025,22,2026-02-20T17:42:38.129449
24,81412,59,2026-02-10T14:28:55.364503
24,9609,75,2026-01-25T10:48:10.249679
24,32072,55,2026-02-10T11:12:20.755644
24,86141,22,2026-02-11T22:47:49.822154
24,194498,32,2026-03-10T17:30:18.226405
24,83527,3,2026-01-23T04:36:34.768477
24,47364,29,2026-01-02T12:05:11.510902
24,216117,10,2026-03-26T23:50:21.111884
24,48182,93,2026-02-23T03:18:47.404284
24,18105,15,2026-01-11T19:48:46.543808
25,137807,69,2026-01-25T21:34:14.926613
25,146043,52,2026-01-30T11:33:24.618736
25,43230,97,2026-03-04T19:46:06.728761
25,102128,17,2026-03-27T11:55:20.341881
25,53859,73,2026-03-12T09:51:41.595655
25,68885,100,2026-02-28T11:29:15.609437
25,108983,41,2026-03-29T23:40:58.526960
25,99961,27,2026-03-08T11:11:23.696521
25,27005,27,2026-01-06T05:10:53.426583
25,68,17,2026-02-22T04:42:40.558989
25,15439,60,2026-01-28T22:42:54.093285
25,3723,88,2026-03-16T02:15:29.905582
25,89248,18,2026-03-08T15:08:00.004858
25,159636,80,2026-02-12T17:55:06.925963
25,172492,62,2026-01-07T11:38:13.429374
25,213255,45,2026-03-03T04:15:45.445581
25,190475,35,2026-02-02T20:39:49.550800
25,180274,17,2026-03-08T05:13:45.158235
26,176585,14,2026-01-11T17:23:41.455946
26,145296,41,2026-02-05T04:34:27.989578
26,189187,15,2026-01-14T07:48:31.976743
26,164981,76,2026-02-20T04:42:46.402887
26,185103,81,2026-03-27T00:39:15.302740
26,147888,60,2026-03-28T18:26:45.603524
26,149329,78,2026-01-15T22:27:40.319293
26,130688,36,2026-03-05T18:51:51.325731
26,163225,33,2026-03-07T08:39:03.429134
26,201747,30,2026-03-03T21:25:18.609845
26,165472,21,2026-03-27T16:05:17.693529
26,26933,79,2026-02-23T21:18:49.917531
27,202379,24,2026-01-19T10:30:24.845542
27,171242,12,2026-03-09T04:48:10.149557
27,65708,12,2026-02-11T11:50:42.834602
27,33461,18,2026-02-21T06:23:26.825413
28,207709,21,2026-01-01T01:07:37.232487
28,210102,34,2026-01-03T06:12:16.128461
28,180291,94,2026-02-11T02:03:36.408084
28,107606,30,2026-02-12T05:53:04.377041
28,107817,59,2026-04-01T03:29:49.562576
28,127359,96,2026-02-28T09:30:50.573926
29,205530,11,2026-02-19T20:04:44.932188
29,6233,53,2026-03-08T11:19:08.648404
29,65661,32,2026-03-24T18:31:31.974240
29,158483,79,2026-03-10T22:58:51.534278
29,143723,84,2026-02-16T05:56:24.679399
29,7571,8,2026-03-09T12:17:14.392621
29,33506,40,2026-01-24T18:53:21.459734
29,124389,24,2026-02-25T04:55:53.602056
29,208493,18,2026-03-10T04:54:16.799176
29,170593,40,2026-01-21T21:55:37.666742
29,14363,82,2026-03-05T15:59:23.442500
29,109164,57,2026-01-11T23:37:05.855155
30,163347,25,2026-03-20T23:42:24.338107
30,92386,68,2026-01-26T20:30:13.172663
31,72933,31,2026-02-01T21:51:18.705451
31,102006,68,2026-02-03T01:50:11.092806
31,152681,40,2026-01-16T14:38:41.304465
31,82078,13,2026-03-09T00:01:07.561310
31,229002,59,2026-02-19T14:49:29.972696
31,43983,28,2026-03-19T00:11:59.059160
31,197270,33,2026-01-06T13:51:56.354268
31,81989,27,2026-01-06T17:15:49.092401
31,67201,93,2026-02-16T08:09:31.171139
31,131773,86,2026-02-13T09:32:47.803075
31,188103,85,2026-01-15T06:23:04.162468
31,201276,82,2026-03-02T18:46:41.032951
31,72548,43,2026-01-15T12:35:19.285197
31,196193,31,2026-03-30T02:35:49.001997
32,115644,49,2026-02-28T09:54:08.505794
32,146409,33,2026-03-21T13:44:19.140667
32,186041,100,2026-03-06T04:34:44.432425
32,223925,5,2026-01-24T20:08:00.044259
32,155837,65,2026-01-25T01:53:19.217021
32,168844,57,2026-01-24T00:40:16.882700
32,135860,27,2026-03-13T23:39:47.377606
32,37320,38,2026-01-20T05:04:34.478314
32,165420,52,2026-03-28T18:54:34.515860
32,203240,79,2026-02-22T15:50:31.901502
32,200775,70,2026-02-23T02:17:13.113330
32,100874,43,2026-01-11T03:02:17.212357
33,84616,68,2026-04-01T01:53:00.930085
33,167499,93,2026-02-19T10:40:47.203103
33,102025,20,2026-01-23T15:59:22.306463
33,33916,84,2026-01-06T05:05:35.331345
33,22838,92,2026-01-15T03:48:04.815898
33,176217,2,2026-03-02T14:00:12.276041
33,99888,56,2026-02-25T11:24:09.766171
34,214925,29,2026-02-11T04:45:40.422036
34,68859,45,2026-02-07T04:58:37.526489
34,104126,54,2026-01-02T15:40:46.735231
34,198782,76,2026-01-10T03:41:06.971690
34,157314,6,2026-03-11T08:25:36.391499
34,225912,81,2026-01-05T00:04:28.679214
34,184391,91,2026-02-05T17:39:46.548091
34,205468,79,2026-03-02T14:51:30.996705
34,95737,38,2026-02-01T12:10:46.483822
35,221624,82,2026-03-20T23:11:35.617400
35,14005,64,2026-01-11T10:47:51.571185
35,156090,45,2026-03-27T18:41:56.422595
35,47615,71,2026-03-26T14:34:49.809820
35,44337,58,2026-02-08T12:57:55.157530
35,74600,21,2026-03-01T18:04:06.586187
35,192590,1,2026-01-15T12:24:25.521415
35,195220,81,2026-02-28T16:21:23.772083
35,159373,66,2026-02-08T18:58:08.640556
35,94251,8,2026-01-07T08:28:09.779204
35,131913,64,2026-01-30T14:42:20.386027
35,96012,74,2026-02-08T01:56:26.673746
35,197052,45,2026-02-27T13:00:18.240574
35,148274,18,2026-01-06T19:20:47.228412
35,274,86,2026-03-07T18:21:18.624168
36,156515,51,2026-02-21T09:06:13.450977
36,15393,77,2026-01-14T15:44:19.963792
36,222724,68,2026-01-30T09:38:04.978974
36,227026,32,2026-01-13T13:20:09.539383
36,189158,60,2026-03-25T08:45:41.325593
36,80340,31,2026-02-27T17:54:04.317490
36,62515,35,2026-03-05T14:35:46.824657
36,42193,11,2026-01-23T23:29:32.330339
36,43717,56,2026-03-27T22:49:06.921035
36,205408,59,2026-01-10T19:45:50.930348
37,50764,5,2026-01-18T10:04:40.112189
37,185635,97,2026-03-20T12:04:46.922618
38,101180,87,2026-02-16T11:42:37.217092
39,137628,85,2026-03-10T18:17:52.112998
39,91462,22,2026-02-09T21:11:59.109537
39,17510,30,2026-01-26T02:52:09.112995
39,102928,79,2026-01-20T21:30:46.132720
39,101392,4,2026-02-23T18:55:41.729694
39,229342,87,2026-02-11T06:58:11.445826
39,80777,49,2026-03-16T13:10:52.487461
40,19874,8,2026-01-04T07:49:13.437682
40,168638,59,2026-03-22T15:42:57.201618
40,172506,97,2026-02-20T19:13:47.477351
40,142197,7,2026-03-02T13:46:07.982141
40,148425,78,2026-03-18T03:21:52.200215
40,180725,28,2026-01-16T06:19:41.748687
40,20085,95,2026-02-06T14:59:12.310910
40,86321,8,2026-03-22T14:00:39.751404
40,101296,12,2026-01-16T10:09:07.799088
40,191717,21,2026-01-02T10:54:08.847698
40,108770,98,2026-02-14T17:40:22.755101
40,154143,53,2026-01-14T14:55:11.847537
40,135244,88,2026-03-31T12:25:56.801269
40,82484,44,2026-03-09T15:19:30.778853
40,229352,84,2026-01-30T13:29:25.883801
40,216770,96,2026-02-03T03:01:59.388879
40,157576,49,2026-01-18T21:56:10.674211
40,147503,18,2026-01-07T12:51:52.213595
41,56761,68,2026-01-25T10:05:08.683177
41,21280,88,2026-03-07T09:31:58.266533
41,139706,1,2026-03-22T11:50:35.169167
41,8629,58,2026-02-07T07:12:24.267584
42,48468,97,2026-02-12T00:43:04.560953
42,83829,68,2026-03-14T13:15:24.411998
42,215151,47,2026-02-17T15:50:46.337917
42,92138,45,2026-01-10T14:50:02.302738
42,95617,13,2026-01-31T10:53:24.287371
42,82402,43,2026-02-16T21:20:23.473955
42,147354,35,2026-03-09T16:41:37.099272
42,113211,9,2026-03-06T08:28:46.521156
42,145447,87,2026-01-30T16:39:04.496089
42,123838,70,2026-03-17T15:16:45.643919
42,202000,29,2026-03-21T11:55:04.615821
42,91292,17,2026-03-24T10:36:33.494553
42,215001,21,2026-03-23T03:37:14.243079
42,63654,50,2026-01-25T02:34:57.034730
42,85551,88,2026-03-25T16:44:30.197432
42,118169,45,2026-02-03T10:47:07.137710
43,170514,85,2026-01-01T09:23:50.585095
43,25592,15,2026-01-05T08:11:42.787085
44,192715,80,2026-02-15T00:07:25.835428
45,31922,38,2026-01-16T19:52:12.040439
45,151270,24,2026-03-18T21:07:13.769723
45,138344,63,2026-02-28T14:12:08.550277
45,124210,11,2026-02-18T14:45:07.143373
45,118687,55,2026-02-28T00:48:12.970054
45,35780,36,2026-01-17T06:18:24.641175
45,55663,47,2026-03-08T15:46:40.663499
45,155655,44,2026-03-20T22:01:57.335461
45,139981,23,2026-02-26T13:08:30.614333
46,179610,36,2026-01-22T21:59:26.154036
47,181311,57,2026-03-27T01:04:40.343060
47,161573,100,2026-02-11T03:32:42.685514
47,22478,48,2026-01-03T22:10:02.771766
47,140394,26,2026-01-05T16:23:10.284785
47,125291,17,2026-01-07T20:18:03.680923
47,69703,87,2026-02-15T18:50:48.609057
48,144819,24,2026-01-10T15:14:41.525570
49,52431,25,2026-02-23T09:50:16.033534
49,17021,41,2026-02-08T14:26:03.692022
49,208871,31,2026-01-26T22:40:42.038539
49,123513,90,2026-03-14T04:06:39.032607
49,57083,74,2026-03-17T19:13:46.083638
50,186382,77,2026-02-21T04:53:04.568015
50,147995,87,2026-03-08T13:50:18.228276
50,143698,53,2026-01-15T16:59:38.174517
50,136255,61,2026-01-23T10:04:31.813135
51,87344,62,2026-03-11T16:51:41.669037
51,229627,1,2026-01-18T20:02:29.194924
51,28083,4,2026-02-23T14:31:40.793311
51,19765,48,2026-02-11T18:42:06.364796
51,143714,42,2026-03-07T02:30:55.960529
51,208645,12,2026-03-30T11:51:20.737860
51,227884,88,2026-03-09T01:25:22.780776
51,103172,66,2026-02-25T05:13:22.346683
51,162028,19,2026-02-10T22:22:32.039557
51,108470,26,2026-01-24T17:44:38.619109
51,128012,33,2026-04-01T19:43:51.690561
51,156993,33,2026-02-06T05:05:53.383550
52,153244,12,2026-01-25T09:33:24.755931
53,78523,27,2026-01-08T20:06:05.614257
53,232089,16,2026-03-07T16:59:16.104038
53,97990,31,2026-02-25T10:06:32.547075
53,221874,69,2026-02-24T06:34:34.961955
53,217452,94,2026-02-08T04:18:03.959011
53,96122,92,2026-02-21T05:56:18.177838
53,23991,64,2026-03-28T02:59:28.589714
53,42173,44,2026-03-21T15:00:47.236676
53,16444,7,2026-01-11T04:27:41.144121
53,26291,31,2026-01-03T11:11:12.722800
53,201619,53,2026-02-28T00:12:21.523160
53,208077,88,2026-03-30T11:44:19.632488
53,87619,83,2026-03-07T13:08:38.116107
53,197047,100,2026-02-16T17:18:41.458070
53,14894,17,2026-03-25T02:06:29.263021
53,195535,11,2026-02-17T10:06:40.685839
53,148539,1,2026-03-08T19:15:42.777490
53,26951,73,2026-03-27T17:51:49.683902
53,23775,1,2026-02-12T16:52:46.695673
53,92784,26,2026-03-31T07:36:34.054884
54,4772,56,2026-02-27T08:56:16.691225
54,107441,63,2026-03-20T08:59:09.452865
54,131207,98,2026-01-18T13:47:20.562402
54,179969,95,2026-01-02T13:58:11.068238
54,106976,63,2026-01-09T11:10:04.371372
54,161364,75,2026-03-03T09:02:22.127245
54,126184,77,2026-01-27T07:42:54.340433
54,17255,14,2026-02-09T22:23:26.312997
54,128620,31,2026-02-21T22:43:33.945230
55,6924,88,2026-02-06T18:57:59.250141
55,199732,27,2026-01-23T12:00:47.303314
55,7297,54,2026-02-26T05:17:15.860514
55,49938,30,2026-03-18T20:18:27.776483
55,80756,23,2026-03-19T22:28:56.580221
55,59909,37,2026-01-28T17:45:43.623741
55,82335,67,2026-02-22T16:10:34.299630
55,119419,1,2026-03-31T03:06:17.953358
55,85235,3,2026-01-23T23:19:30.683605
55,46332,65,2026-03-10T12:24:13.651890
55,76497,45,2026-01-03T04:11:14.593494
55,207634,69,2026-03-15T08:29:40.281584
55,176691,15,2026-01-15T07:08:51.144519
55,90921,32,2026-01-17T19:14:05.676236
56,13744,23,2026-01-01T11:39:11.983822
56,106411,8,2026-03-12T11:25:30.973512
56,172808,50,2026-03-18T23:12:32.203341
56,74519,35,2026-02-01T17:56:57.204698
56,153269,6,2026-02-03T17:51:26.150818
56,218526,1,2026-02-02T08:02:19.815692
56,60634,98,2026-02-26T00:02:50.656403
56,86421,92,2026-01-28T00:46:05.340936
56,147780,89,2026-03-23T05:09:02.078225
56,224716,42,2026-03-26T22:23:07.520972
56,104300,94,2026-02-21T22:50:46.248353
56,152848,82,2026-01-30T13:14:51.270653
56,38955,12,2026-02-18T12:28:43.704335
56,56189,56,2026-03-03T18:03:44.043260
56,34286,1,2026-02-12T07:13:11.688619
56,130372,92,2026-01-21T01:29:51.401069
57,111959,47,2026-01-10T08:02:23.517638
57,131743,29,2026-01-15T13:17:17.156029
57,123901,7,2026-01-20T06:29:04.871886
58,44795,30,2026-02-11T06:28:51.646930
58,7230,90,2026-03-06T16:01:24.338890
58,30731,38,2026-01-24T15:36:50.940345
58,205201,32,2026-01-05T09:05:15.274880
58,163814,75,2026-03-27T08:19:25.260391
58,167532,30,2026-01-20T10:33:23.481088
58,5195,30,2026-01-14T16:36:18.886558
59,100443,45,2026-02-22T21:17:10.262576
59,16690,48,2026-03-19T11:17:02.638971
59,198172,61,2026-01-15T07:48:59.079613
59,232089,49,2026-01-08T11:03:37.580654
59,180332,14,2026-03-11T18:04:35.253020
59,98459,98,2026-03-06T22:11:48.178149
59,23479,76,2026-02-08T14:40:38.116900
59,103267,62,2026-01-21T03:00:59.785868
59,26093,52,2026-01-07T22:21:27.410189
59,194994,54,2026-01-06T21:51:06.083284
59,187302,10,2026-02-03T00:46:03.518619
60,47590,81,2026-02-21T16:04:10.203706
60,186458,73,2026-01-23T23:32:12.211013
60,42983,23,2026-03-06T13:35:29.098430
60,155529,45,2026-02-04T22:19:07.251703
60,172169,53,2026-03-26T00:28:23.785753
60,79298,1,2026-01-26T03:19:17.164673
60,120981,44,2026-01-07T21:18:40.634047
60,219619,70,2026-01-25T09:30:10.944102
60,178303,31,2026-02-06T00:48:37.251568
60,44437,22,2026-01-10T13:04:45.192485
60,205820,54,2026-01-09T12:44:58.256864
60,106096,41,2026-02-11T19:22:35.729390
60,81974,57,2026-03-11T06:10:40.273143
60,209626,37,2026-02-11T03:10:50.664637
60,171854,97,2026-03-08T00:35:58.424546
60,132832,22,2026-03-24T00:41:54.679975
60,109003,37,2026-02-10T19:13:38.572986
61,163079,22,2026-03-26T05:48:23.353929
61,205039,23,2026-02-27T17:56:13.155524
61,220687,37,2026-03-26T01:49:24.944412
61,197763,62,2026-02-04T05:07:18.353022
61,35646,59,2026-02-16T13:06:39.176082
61,31282,12,2026-03-02T13:37:03.129889
61,225059,18,2026-02-10T16:03:44.954252
61,59280,23,2026-01-03T13:19:35.105931
61,199858,76,2026-03-02T09:08:01.164877
62,156643,76,2026-01-08T02:42:28.452117
62,94091,91,2026-03-12T08:32:53.211448
62,69327,72,2026-03-03T07:10:54.251601
62,65519,91,2026-02-03T15:08:40.240355
62,169908,51,2026-02-18T06:01:17.576264
63,156659,69,2026-02-17T10:09:41.107348
64,47786,45,2026-02-26T02:34:10.432165
64,124677,39,2026-01-14T22:17:25.019224
64,125095,88,2026-02-07T18:44:57.177202
64,220675,66,2026-03-17T10:37:50.715710
64,115217,32,2026-01-03T18:18:29.857347
64,132158,13,2026-01-07T21:39:51.318864
64,98198,20,2026-03-26T18:45:34.665815
64,123610,91,2026-02-16T21:29:05.311781
64,77175,63,2026-01-25T01:25:17.358125
64,208920,9,2026-02-18T21:23:52.337037
64,164861,78,2026-02-07T06:43:52.084502
64,175577,1,2026-01-11T00:46:11.465908
64,190704,42,2026-02-27T23:42:25.826192
64,61145,20,2026-04-01T04:02:11.326129
64,231511,68,2026-01-05T08:25:59.365702
64,166652,79,2026-03-25T21:36:49.380156
64,125500,44,2026-02-07T05:06:01.372060
64,187291,25,2026-02-18T02:11:23.298016
65,109005,77,2026-03-16T11:30:21.826581
65,229442,70,2026-01-29T13:35:53.238124
65,179775,82,2026-01-03T04:19:44.363670
65,128954,2,2026-01-27T15:52:42.570328
65,204042,40,2026-02-04T05:17:15.646377
65,68775,66,2026-01-20T16:55:19.281286
65,115010,64,2026-02-25T07:31:11.297727
65,53545,15,2026-01-14T15:59:45.127879
65,11889,70,2026-03-17T04:32:17.019093
66,178606,59,2026-01-21T11:30:22.997286
66,71360,54,2026-02-27T15:35:22.096173
66,194351,14,2026-02-23T03:47:42.139509
66,24316,20,2026-01-12T11:30:13.671147
66,65503,62,2026-03-15T10:46:21.258633
66,200957,17,2026-02-19T05:47:14.790652
66,44350,37,2026-01-08T15:12:33.406331
66,47484,75,2026-01-27T00:14:40.589695
66,149339,83,2026-02-19T10:52:45.164509
66,34169,94,2026-03-29T07:59:33.330997
66,17961,31,2026-02-04T06:44:22.085127
66,8289,12,2026-03-15T19:54:54.188886
66,80805,73,2026-01-31T05:55:46.301342
66,1728,93,2026-01-03T11:31:25.131337
66,157767,95,2026-03-09T20:34:36.924642
66,70966,21,2026-03-28T11:36:33.787604
66,128511,81,2026-03-21T10:32:50.971738
66,94543,2,2026-03-22T17:17:10.043692
66,29068,32,2026-03-21T11:42:23.120260
66,151756,22,2026-01-10T15:31:30.763647
67,38055,92,2026-01-19T08:47:53.570167
67,131591,56,2026-01-07T07:47:06.073643
67,136235,47,2026-01-12T22:28:07.535825
67,198553,53,2026-03-28T04:11:41.401016
67,209869,32,2026-03-25T11:35:39.096293
67,47226,77,2026-03-27T18:32:02.097293
68,15029,52,2026-03-10T09:07:06.040390
68,183309,47,2026-03-17T08:31:37.115600
68,189032,26,2026-02-22T08:44:54.510737
68,162397,21,2026-03-03T07:10:13.117814
68,200632,88,2026-02-13T23:46:38.623190
68,100624,6,2026-02-01T02:37:12.595420
68,25921,16,2026-02-03T09:39:12.639140
68,48605,48,2026-01-08T04:28:58.427897
68,217593,59,2026-02-04T14:56:01.644231
68,119961,53,2026-03-06T07:04:05.700496
68,23125,34,2026-02-17T18:55:14.339345
68,112729,45,2026-02-19T00:04:25.301791
68,134386,44,2026-03-26T18:14:52.955258
68,6313,61,2026-01-22T08:50:47.839205
68,168338,62,2026-01-27T17:30:49.358859
68,134814,40,2026-01-28T02:18:27.739346
69,227372,59,2026-03-18T02:37:55.013958
69,220374,27,2026-03-02T21:09:47.171776
69,166797,7,2026-01-30T14:53:49.651210
69,228514,97,2026-02-09T12:28:45.717668
69,93585,52,2026-02-11T15:08:20.260898
70,214949,14,2026-02-13T23:05:18.731786
70,204931,21,2026-02-01T22:47:42.116169
70,192802,57,2026-03-08T17:40:54.366212
70,151386,32,2026-03-17T23:26:09.159960
70,109690,83,2026-04-01T13:21:50.695167
70,191079,80,2026-01-09T01:45:09.886969
70,5417,42,2026-02-22T02:54:40.885007
70,228717,28,2026-01-11T09:15:58.246725
70,205116,67,2026-02-23T04:38:59.835295
70,228677,20,2026-01-26T03:20:51.474927
70,40476,6,2026-01-03T18:54:24.840330
70,102619,24,2026-03-17T05:47:23.430760
70,29379,17,2026-02-04T01:36:02.347759
70,55959,61,2026-01-21T15:43:20.335696
70,150415,24,2026-02-03T16:43:50.832354
70,220296,22,2026-01-27T04:28:42.563899
71,165623,34,2026-02-05T05:37:50.985586
71,143843,81,2026-02-12T20:16:50.802511
71,104762,47,2026-01-18T21:39:07.840995
71,142788,72,2026-02-02T04:34:14.747497
71,223085,60,2026-01-23T05:08:15.030857
71,30684,33,2026-03-23T09:55:25.122221
71,40460,4,2026-01-06T03:25:39.254630
71,155901,99,2026-03-31T03:35:16.589762
71,47110,76,2026-03-25T04:39:03.442562
71,35736,52,2026-01-19T15:46:12.100959
72,208271,87,2026-01-28T04:15:55.191957
72,153285,21,2026-03-06T21:52:52.697610
72,121227,64,2026-03-03T20:40:02.352012
72,36725,14,2026-02-20T14:51:03.287551
72,44628,25,2026-01-26T00:44:46.900756
72,128724,42,2026-03-03T18:37:24.695185
72,108731,67,2026-01-31T10:12:47.527527
72,136611,69,2026-03-19T18:25:31.824056
72,40178,3,2026-03-16T11:26:51.809016
72,152074,74,2026-01-06T01:16:53.245549
72,187518,13,2026-02-19T15:48:14.823537
72,79302,57,2026-02-11T05:02:00.136404
72,50621,55,2026-01-20T16:12:16.387289
73,100013,58,2026-03-23T20:34:20.927319
73,121706,53,2026-03-27T10:53:38.820770
73,171377,4,2026-01-06T08:51:44.763454
73,55056,42,2026-03-15T09:40:02.557627
73,13380,93,2026-01-16T17:39:58.416440
73,144566,94,2026-01-06T18:55:09.984118
73,102645,14,2026-02-18T01:34:43.194569
74,126645,5,2026-01-09T10:19:11.549981
74,26108,81,2026-02-20T16:23:33.774098
74,3226,89,2026-03-23T16:56:53.527435
74,73334,82,2026-01-19T16:13:27.166447
74,44727,73,2026-01-26T15:12:34.449418
74,40443,13,2026-03-13T16:39:02.168135
74,105024,67,2026-03-22T15:55:29.083848
74,197578,54,2026-01-15T16:13:57.838111
74,164997,69,2026-01-04T14:36:44.951339
75,190789,8,2026-02-26T01:55:58.555162
75,202711,13,2026-01-31T20:47:35.283921
75,112260,8,2026-02-17T06:14:03.611386
76,64503,85,2026-01-19T06:32:09.486997
76,219000,48,2026-02-15T07:30:53.459680
76,54473,4,2026-03-21T07:27:21.359857
76,77311,68,2026-02-16T10:27:45.117752
76,205798,54,2026-02-20T03:44:17.183495
76,144813,95,2026-01-06T03:01:47.085557
76,123488,33,2026-01-22T09:50:46.062140
76,80391,17,2026-03-11T07:55:32.896692
77,44434,44,2026-02-22T14:21:03.336804
77,50248,60,2026-03-11T07:51:21.182462
77,38367,45,2026-02-08T12:46:43.998708
77,232503,24,2026-02-02T22:56:13.510871
77,68733,74,2026-02-08T12:46:49.272638
77,7600,3,2026-01-17T05:05:41.866931
77,22879,25,2026-01-29T08:03:46.523036
77,63512,50,2026-03-15T23:31:35.055708
77,1144,64,2026-01-19T22:03:03.306876
77,75096,29,2026-01-05T01:57:03.900874
77,224492,71,2026-03-28T05:21:18.395144
78,125777,56,2026-02-04T07:08:53.510470
78,226807,38,2026-02-27T09:58:53.605767
78,135664,30,2026-02-23T15:12:38.996859
78,122315,13,2026-01-14T03:26:23.335200
78,188091,31,2026-01-30T15:09:54.209368
78,212114,54,2026-02-28T17:49:51.739769
78,106405,62,2026-03-09T16:48:23.954144
78,199659,72,2026-03-13T00:10:17.903652
78,200326,28,2026-02-05T20:15:33.592806
78,29659,14,2026-03-31T02:34:04.520939
78,1892,76,2026-02-20T20:32:23.559477
78,191289,35,2026-03-31T07:43:28.188638
78,184800,34,2026-03-07T21:04:07.520332
78,23211,10,2026-02-07T15:26:45.427099
78,134812,29,2026-02-23T16:49:38.819910
78,179655,25,2026-03-08T11:49:08.268269
78,140398,26,2026-03-15T21:46:11.826212
78,95996,83,2026-01-31T12:08:41.195285
78,49137,87,2026-03-23T19:55:21.094993
79,205609,89,2026-01-29T02:42:35.663748
79,54124,36,2026-01-22T04:05:50.153980
80,132570,2,2026-01-23T19:41:14.397368
80,186742,12,2026-03-17T23:02:14.638086
80,32607,33,2026-01-03T02:25:09.619558
80,174549,18,2026-03-21T16:35:08.271889
80,95134,59,2026-02-03T21:03:53.677797
80,116882,98,2026-03-18T23:23:50.390320
80,14625,92,2026-03-13T05:12:43.242400
80,187783,80,2026-01-25T00:03:43.729515
80,132266,64,2026-03-11T18:14:20.051521
80,57351,46,2026-02-02T17:40:57.518398
80,187546,91,2026-03-02T15:02:24.801246
80,16745,91,2026-01-23T10:37:18.880424
80,202715,58,2026-03-11T04:27:24.217187
80,81048,35,2026-03-04T09:04:28.719287
80,20444,6,2026-03-10T02:52:14.317412
80,92178,59,2026-01-13T15:11:09.915942
80,195653,21,2026-02-19T18:17:04.832661
80,60222,65,2026-01-31T13:27:48.318477
80,187543,55,2026-03-25T23:22:57.993267
81,167693,8,2026-03-19T17:51:06.093202
81,85697,3,2026-01-23T11:23:44.941575
81,77967,62,2026-02-18T22:33:12.587863
81,87082,36,2026-01-30T09:04:47.322519
81,154341,14,2026-02-03T04:39:15.128058
81,33365,53,2026-02-12T13:53:35.820081
81,228818,29,2026-03-28T10:41:39.142819
81,159762,62,2026-03-25T01:56:07.463205
81,98928,28,2026-03-12T12:36:15.099225
81,93517,8,2026-03-26T02:54:43.603752
81,23067,3,2026-02-06T16:34:25.454685
81,31137,21,2026-01-12T07:08:40.073163
81,224869,1,2026-02-05T05:31:07.031902
81,28311,82,2026-02-17T16:31:55.405407
81,25576,95,2026-03-10T23:16:04.968956
81,1435,30,2026-03-19T17:07:24.030604
81,73091,84,2026-02-06T17:19:03.102207
81,182027,25,2026-01-20T01:17:29.846404
82,68846,74,2026-03-24T05:43:31.712673
82,226370,90,2026-03-08T11:16:51.861183
82,53742,36,2026-02-28T22:04:20.902453
82,1019,15,2026-01-28T00:38:09.451674
82,90193,80,2026-02-28T05:56:35.983180
82,96578,42,2026-03-23T20:43:04.343329
82,185088,69,2026-02-19T20:29:36.497676
82,9499,52,2026-03-11T15:14:35.462045
82,217602,43,2026-02-03T20:54:08.119530
82,127927,50,2026-02-09T19:41:56.397399
82,94366,63,2026-01-23T15:37:37.101358
82,85542,63,2026-03-30T22:42:34.518708
82,113357,20,2026-01-29T22:05:06.594696
82,57505,89,2026-02-15T21:20:13.090655
82,51570,59,2026-02-09T03:25:23.514710
82,67128,86,2026-03-06T22:18:51.735530
82,20070,5,2026-02-12T00:51:35.203006
82,86097,91,2026-01-27T19:15:55.099822
82,126256,34,2026-03-04T04:17:54.567644
83,120773,70,2026-03-21T08:41:46.756779
83,204468,40,2026-02-04T04:37:43.880027
83,199750,22,2026-03-14T23:41:56.758169
83,163108,25,2026-01-23T03:32:24.046478
83,105689,65,2026-03-03T17:05:44.328571
83,86906,3,2026-02-19T19:47:15.627400
83,202101,3,2026-02-03T12:17:16.819028
83,35776,69,2026-03-12T06:58:10.933776
83,90574,12,2026-01-05T07:52:48.082733
83,72134,95,2026-03-01T22:35:23.987200
83,53434,11,2026-01-17T23:30:23.622953
83,150154,54,2026-01-20T16:53:34.364357
83,197661,24,2026-01-31T16:58:30.554762
83,10399,80,2026-03-05T04:13:27.535560
83,87124,30,2026-01-04T23:47:22.116815
83,163262,50,2026-01-18T22:26:46.249515
84,5013,85,2026-02-15T02:55:46.883729
84,134922,71,2026-02-03T12:52:15.153835
84,195725,99,2026-03-03T07:47:29.687196
84,81508,84,2026-02-21T09:13:02.571097
84,44944,93,2026-01-27T00:25:33.451753
84,137729,29,2026-02-18T03:25:59.691198
84,89038,54,2026-03-03T17:56:47.223183
84,213601,67,2026-03-27T11:46:51.746035
85,204425,3,2026-03-18T13:54:09.838249
85,191610,3,2026-01-20T13:06:47.758524
85,136968,69,2026-02-04T11:46:54.701996
85,30190,18,2026-03-23T20:56:09.137162
86,209105,89,2026-02-14T07:57:20.506599
86,224238,36,2026-01-07T01:28:00.742245
86,96150,18,2026-02-12T15:05:35.323881
86,164177,60,2026-01-10T05:58:31.472693
86,83049,41,2026-01-12T15:21:31.651294
86,26957,29,2026-01-26T12:35:28.600548
86,207972,6,2026-02-22T12:02:33.548483
86,138018,87,2026-02-02T04:59:33.651107
86,170420,13,2026-01-25T13:46:29.340794
86,39029,19,2026-03-31T13:32:41.587567
86,142485,39,2026-03-22T17:33:30.775409
86,11577,41,2026-02-11T13:33:30.006390
87,72614,40,2026-01-20T18:58:50.056482
87,31220,96,2026-01-15T15:12:35.516620
87,78760,7,2026-02-10T19:13:59.856034
87,24792,13,2026-03-21T16:16:03.707775
87,185926,49,2026-04-01T04:08:10.128044
87,195566,26,2026-02-12T11:26:36.396435
87,198701,56,2026-03-06T22:14:59.435774
87,200875,96,2026-01-08T11:06:12.501963
87,157994,49,2026-03-31T22:57:31.382524
87,225116,21,2026-03-26T05:44:14.642482
87,144466,78,2026-01-01T00:56:03.283731
87,60611,10,2026-01-02T05:08:41.346400
87,53262,99,2026-02-24T20:12:58.893678
87,26133,25,2026-01-06T03:39:00.211553
87,33088,9,2026-03-25T20:40:18.680162
87,115512,57,2026-01-24T00:16:10.179323
88,81671,66,2026-01-18T10:24:07.720881
88,13276,85,2026-01-31T15:26:18.407526
88,65300,17,2026-02-02T11:02:34.110761
88,126128,73,2026-02-14T00:58:58.729070
89,177498,33,2026-03-01T21:10:23.926162
89,134941,49,2026-03-01T18:44:46.361818
89,121344,88,2026-02-26T00:07:01.927306
89,131490,45,2026-01-25T04:48:21.891811
89,77454,14,2026-03-08T20:45:33.631989
89,174133,60,2026-02-19T12:17:47.338295
89,64527,94,2026-02-09T02:55:42.638579
89,81112,97,2026-03-28T08:14:58.213374
89,56708,26,2026-03-12T22:52:32.927443
89,72016,66,2026-02-26T23:23:18.786577
89,95090,47,2026-03-02T13:22:15.590355
89,13609,26,2026-03-07T06:29:25.611302
89,116741,74,2026-02-25T13:31:31.587040
90,92808,40,2026-03-23T15:04:48.578243
90,123321,44,2026-01-02T07:23:25.874141
90,205198,15,2026-02-15T09:15:58.477948
90,218254,86,2026-02-03T21:01:29.542103
90,108117,74,2026-03-31T13:18:17.584934
90,201831,70,2026-01-21T08:04:24.591183
90,200130,11,2026-02-11T18:06:28.415026
90,207084,1,2026-02-17T19:20:14.044144
90,92513,67,2026-03-12T22:52:07.571724
91,192076,67,2026-02-18T22:14:36.210865
91,173041,86,2026-03-03T03:38:33.181504
91,220083,72,2026-02-17T10:45:49.134102
91,162576,6,2026-01-07T14:20:49.781589
91,44731,65,2026-03-13T00:16:52.609747
91,35951,15,2026-02-18T11:04:39.206890
91,177439,19,2026-02-03T08:05:16.658602
91,24869,64,2026-01-14T02:22:45.485896
91,200419,92,2026-02-11T00:59:25.401946
91,56458,65,2026-01-12T13:15:45.770283
91,124364,67,2026-01-05T09:49:19.929420
91,172532,6,2026-03-07T22:44:31.198339
91,150150,20,2026-03-20T05:06:54.828366
91,228658,67,2026-02-15T07:34:07.051559
91,106827,69,2026-03-01T22:25:16.692949
91,215537,5,2026-01-25T19:45:55.647644
92,125738,35,2026-03-05T22:30:57.101009
92,204558,81,2026-02-27T12:24:53.295305
92,192906,63,2026-03-04T19:13:35.658807
92,129114,2,2026-03-24T03:00:18.828637
92,108049,95,2026-03-30T17:55:07.355535
92,84410,42,2026-02-12T09:51:17.571806
92,171458,32,2026-03-04T20:18:03.755618
92,5386,32,2026-01-14T07:37:01.634302
92,38568,8,2026-01-14T11:32:59.682575
92,52078,63,2026-03-24T05:35:01.008720
92,120089,83,2026-01-28T07:09:28.641554
92,41427,49,2026-01-08T09:31:43.624236
92,229412,26,2026-03-05T05:33:12.412094
92,2934,44,2026-03-22T10:04:26.861405
92,28001,88,2026-02-09T02:22:39.748629
92,73657,57,2026-03-25T08:01:47.312753
92,107079,72,2026-03-25T20:26:48.159261
92,172985,92,2026-02-28T06:21:25.568340
93,228084,89,2026-02-17T07:00:22.615487
93,141852,11,2026-02-16T14:21:09.098005
93,160191,2,2026-02-12T14:00:51.935058
93,8964,39,2026-01-14T13:47:07.561168
93,219483,93,2026-01-15T18:29:30.843113
93,112310,38,2026-03-04T13:53:12.412445
93,43878,36,2026-01-15T12:45:43.529524
93,64699,1,2026-01-31T01:14:42.471987
93,84481,38,2026-03-11T00:21:16.884583
93,44566,44,2026-03-09T14:51:02.542733
93,193623,51,2026-01-09T22:21:49.988189
93,132310,62,2026-01-30T01:05:13.893648
93,193839,57,2026-03-14T08:43:51.304669
93,218554,70,2026-02-10T09:15:37.336149
93,132557,50,2026-01-03T14:45:20.511709
93,38820,71,2026-03-13T06:47:49.998125
93,68015,19,2026-03-28T10:03:45.038328
93,52873,49,2026-01-18T21:39:36.975466
93,104572,46,2026-03-11T18:08:10.651867
94,95752,49,2026-02-07T14:21:06.053565
94,196980,2,2026-03-09T06:48:10.444851
94,98919,6,2026-02-28T12:04:35.507201
94,212233,72,2026-04-01T10:46:32.692598
94,231541,81,2026-01-16T16:16:35.462480
94,24717,49,2026-01-30T18:28:58.962346
94,108378,10,2026-03-30T16:35:14.472143
94,204694,98,2026-01-05T17:12:25.465142
94,159897,99,2026-02-03T20:42:06.694009
94,173486,55,2026-01-07T06:25:57.634786
94,27561,7,2026-01-26T01:45:34.234293
94,86611,65,2026-02-04T08:39:30.596496
94,140311,59,2026-02-25T17:37:55.507871
94,125774,98,2026-02-18T07:55:57.061929
94,95973,11,2026-01-24T15:53:55.697968
94,86466,78,2026-03-06T17:40:32.508514
95,129085,87,2026-03-20T04:18:18.400618
95,203428,14,2026-02-21T18:58:33.713849
95,164500,50,2026-03-31T02:08:32.320692
95,216436,8,2026-03-11T07:31:19.603573
95,160150,94,2026-03-02T16:19:06.748382
95,226933,96,2026-01-31T21:38:12.160470
95,94676,59,2026-01-02T05:39:52.953842
95,208495,81,2026-01-25T04:48:39.092028
96,115329,47,2026-03-01T11:10:22.314186
96,30949,42,2026-02-15T20:55:55.398353
97,115032,68,2026-01-29T09:11:50.018396
97,100943,97,2026-01-17T05:53:03.603465
97,132169,52,2026-02-20T18:07:05.890111
97,227724,62,2026-03-02T09:19:14.968292
97,121857,100,2026-02-10T15:13:28.604686
97,157912,85,2026-01-22T21:48:42.669828
97,193168,92,2026-01-10T02:36:36.977820
97,48969,24,2026-03-01T09:06:23.508362
97,200304,91,2026-01-09T07:25:25.010082
97,85707,36,2026-01-27T04:11:26.544462
97,85043,29,2026-03-08T21:21:27.919332
97,104562,86,2026-02-14T22:31:01.825590
97,180753,46,2026-03-24T22:44:53.944201
97,78561,94,2026-03-16T03:51:43.455120
97,231737,11,2026-03-30T14:35:00.196469
97,32361,74,2026-02-22T13:55:38.227045
97,78600,71,2026-01-16T19:34:57.472089
97,61183,25,2026-01-17T06:03:26.663933
98,3664,28,2026-01-28T13:30:39.536104
98,136156,81,2026-03-20T02:55:09.016892
98,36960,71,2026-01-19T19:18:42.673471
98,71386,27,2026-03-11T06:17:55.076641
98,6932,72,2026-02-14T02:34:20.346633
98,13076,54,2026-01-16T00:10:42.003818
98,221527,38,2026-03-25T22:22:02.689619
98,85664,91,2026-01-08T01:07:12.481237
98,188665,16,2026-01-12T14:36:27.770598
98,33319,85,2026-01-07T22:33:33.002810
98,231765,42,2026-01-01T13:54:46.851625
98,200871,35,2026-01-09T03:13:14.172370
98,171938,91,2026-03-25T19:12:12.750263
98,226172,40,2026-03-22T15:26:25.954427
98,58359,72,2026-03-18T23:08:56.187820
99,30721,55,2026-03-07T06:11:36.350734
99,75420,96,2026-03-03T13:20:56.960314
99,29011,80,2026-02-19T10:05:47.464636
99,132945,5,2026-02-14T06:53:24.417788
99,123315,63,2026-02-09T02:05:57.496433
99,179659,56,2026-01-28T05:01:37.531464
99,38451,90,2026-01-26T02:13:00.035125
99,120402,72,2026-02-01T03:32:09.831515
99,76167,54,2026-01-17T13:19:22.973937
99,121925,61,2026-03-27T13:53:50.150541
99,77537,83,2026-03-03T18:28:40.985003
99,25102,43,2026-01-16T02:50:10.949975
99,10281,84,2026-03-21T14:45:21.209338
100,205440,48,2026-04-01T03:29:27.062584
100,121439,15,2026-03-17T13:30:50.191700
100,105902,53,2026-02-03T17:02:29.030680
100,27451,46,2026-02-05T02:58:26.104889
100,143871,40,2026-03-17T18:04:49.990825
100,92508,95,2026-01-25T10:42:48.466407
100,48878,61,2026-02-05T01:25:33.920943
100,7617,16,2026-03-23T03:04:04.023287
100,14120,57,2026-02-26T14:50:02.629190
100,63760,9,2026-02-07T19:01:07.804378
101,219237,48,2026-02-24T20:29:52.691433
101,161741,75,2026-03-29T18:54:01.093325
101,120462,60,2026-03-28T21:55:50.996995
101,203997,78,2026-02-17T17:52:45.947099
101,223964,81,2026-03-05T15:37:48.488357
101,150378,24,2026-02-16T01:02:49.393426
101,15589,66,2026-02-02T17:30:16.540712
101,150625,89,2026-01-19T05:49:50.216360
101,108445,3,2026-03-09T00:31:33.392466
101,104452,6,2026-03-11T17:10:22.516085
101,57276,6,2026-03-26T16:28:09.144223
101,11249,62,2026-03-26T14:29:05.184191
101,89697,48,2026-03-28T01:37:20.915195
101,211788,33,2026-02-28T01:33:41.197456
101,2316,45,2026-02-21T06:28:58.154202
101,187284,66,2026-02-04T20:33:42.019917
101,164233,71,2026-01-17T07:20:13.883246
101,121549,72,2026-03-24T22:27:46.037676
101,4212,67,2026-03-06T07:44:13.309909
101,152584,88,2026-03-04T09:41:35.160111
102,174840,12,2026-01-30T15:14:03.036147
102,52957,54,2026-01-05T13:01:23.708595
102,38752,80,2026-01-28T08:11:55.261033
102,9648,65,2026-02-16T18:57:46.559067
102,146853,37,2026-02-21T19:34:03.721036
102,171331,7,2026-02-15T04:43:27.075811
102,47321,7,2026-02-16T12:17:25.384752
103,59306,70,2026-03-06T04:35:30.230606
103,138980,96,2026-01-27T21:27:03.111240
103,217912,74,2026-01-11T00:52:57.296511
103,76627,12,2026-01-04T18:25:22.346562
103,109483,11,2026-01-23T18:05:29.240523
103,153522,12,2026-02-05T14:43:58.351310
103,169530,48,2026-01-23T00:13:32.762895
103,207559,77,2026-01-15T21:32:30.193228
103,211051,86,2026-03-23T18:23:15.042423
103,107274,16,2026-03-20T23:50:01.623008
104,120931,36,2026-02-20T16:24:11.523801
104,36427,60,2026-02-04T13:11:34.168630
104,142387,62,2026-03-01T05:41:10.445551
104,43799,100,2026-02-23T00:45:27.050608
104,63845,96,2026-01-24T15:07:58.748442
104,40560,98,2026-01-03T06:37:36.002829
104,30184,15,2026-03-18T14:47:02.708881
105,11888,94,2026-01-12T03:45:56.527651
105,210478,8,2026-03-26T09:01:53.557174
105,196972,97,2026-03-08T02:12:47.060482
105,53672,91,2026-02-28T06:24:33.311392
105,164624,17,2026-01-15T00:21:22.921115
105,224081,77,2026-01-26T13:44:45.054174
105,180706,55,2026-01-10T07:02:03.176574
105,222456,27,2026-01-23T17:27:51.631792
105,205432,24,2026-02-19T16:20:11.729303
105,62216,86,2026-03-18T20:16:21.132687
105,115663,15,2026-01-26T05:21:31.250080
105,170316,93,2026-02-13T08:27:23.124411
105,207847,47,2026-03-16T07:20:45.193665
105,211296,77,2026-02-22T03:12:28.661541
105,139856,49,2026-03-26T16:17:12.698697
105,208042,52,2026-02-02T01:45:03.897008
105,158128,46,2026-03-31T18:14:13.907097
105,47382,75,2026-01-18T12:42:36.673094
105,79003,19,2026-01-29T14:31:36.826035
105,97234,42,2026-03-18T17:54:52.783366
106,33651,20,2026-01-11T21:21:53.557134
106,122381,90,2026-03-13T20:33:35.674726
106,170819,47,2026-01-29T03:58:20.815839
106,110080,65,2026-01-30T01:44:11.179465
106,94753,54,2026-02-21T12:16:01.739489
106,151025,30,2026-01-25T09:01:02.592909
106,158396,51,2026-03-24T15:21:49.563244
106,25736,5,2026-02-14T14:12:12.776503
106,34778,80,2026-03-24T03:19:03.247481
106,158031,43,2026-01-17T12:30:37.058449
106,18556,47,2026-03-21T20:55:02.334261
106,158367,88,2026-01-27T08:37:45.745739
106,63417,49,2026-03-13T04:30:33.214803
106,54642,15,2026-03-22T15:38:43.771466
106,120934,20,2026-02-22T05:29:23.135510
107,79179,93,2026-02-28T06:19:31.696694
107,2279,86,2026-03-07T12:30:40.697111
107,78583,36,2026-01-25T10:57:08.523154
107,222064,25,2026-01-08T01:20:22.966696
107,215086,82,2026-02-03T13:01:57.875194
107,55188,32,2026-02-15T21:03:25.407251
107,137384,19,2026-02-11T19:09:17.804941
107,39578,15,2026-02-13T21:50:55.463317
107,231946,1,2026-03-05T10:47:18.851943
107,65558,99,2026-02-17T16:53:12.353026
107,174319,27,2026-02-22T09:55:58.369304
107,120178,9,2026-03-12T02:46:18.416705
107,162510,82,2026-03-10T07:28:56.220378
107,13755,67,2026-03-13T05:22:40.949054
107,114389,33,2026-01-27T12:13:40.201192
108,91981,73,2026-03-03T05:14:00.104280
108,59977,96,2026-01-31T22:10:39.178982
108,151461,3,2026-03-05T06:12:30.234180
109,89765,63,2026-01-04T01:13:34.834287
109,49384,45,2026-01-20T12:44:56.465561
109,91970,77,2026-01-09T06:05:19.069859
110,202218,12,2026-03-31T16:03:30.114636
110,130017,55,2026-01-20T15:21:57.776946
110,120215,90,2026-03-02T15:12:06.965677
110,146542,58,2026-02-11T19:16:49.688967
110,113077,75,2026-01-04T04:22:10.036029
110,109281,24,2026-02-27T15:28:25.004441
110,42613,73,2026-01-14T22:34:48.167539
111,151890,16,2026-02-07T06:08:26.812587
111,190676,72,2026-03-29T02:37:38.087511
111,54513,96,2026-02-07T08:50:29.819202
111,146577,89,2026-03-24T02:12:18.410575
112,167207,27,2026-03-04T08:18:05.564632
112,115185,75,2026-03-25T02:31:12.106825
112,181270,4,2026-01-20T17:04:38.350979
112,407,61,2026-03-05T20:59:44.125586
112,100974,85,2026-01-13T16:26:18.445308
112,125476,57,2026-03-24T09:58:40.279708
112,54308,21,2026-01-09T12:29:30.852124
112,175449,98,2026-02-15T15:20:41.498250
113,145209,42,2026-02-05T21:08:49.837083
114,172090,29,2026-01-21T05:58:14.679499
114,52821,94,2026-01-20T14:33:01.525738
114,187113,94,2026-02-19T14:49:12.035841
114,133256,19,2026-01-04T17:00:15.739844
114,194137,78,2026-01-07T01:27:12.794720
114,103159,22,2026-03-31T21:14:23.940260
114,18469,11,2026-02-05T14:02:53.193886
114,167209,70,2026-02-03T17:13:14.109189
114,21178,93,2026-02-27T02:21:11.551287
114,157991,5,2026-03-16T01:25:35.855926
115,61057,74,2026-03-16T16:04:35.875329
115,30335,57,2026-01-22T05:54:00.389212
115,174518,27,2026-01-28T02:09:38.984839
115,194467,67,2026-01-21T17:07:02.127323
115,77508,97,2026-01-09T14:55:43.064289
115,61672,56,2026-03-07T17:19:09.784633
115,36802,1,2026-03-28T03:21:02.339018
116,2550,23,2026-03-30T08:22:22.896691
116,54224,32,2026-02-09T08:39:20.945135
116,98660,40,2026-02-15T15:13:14.725050
116,203170,9,2026-02-05T18:35:05.700326
116,27754,47,2026-01-03T03:42:58.949211
116,136883,37,2026-02-03T09:56:24.867382
116,73461,58,2026-01-28T16:27:35.876167
116,49241,65,2026-02-28T18:50:20.269526
116,219927,42,2026-01-11T02:19:47.490617
116,69580,40,2026-01-12T02:12:39.070733
116,202261,18,2026-02-02T17:15:36.469465
116,62708,73,2026-02-06T11:05:09.384677
116,154762,84,2026-03-30T07:46:45.536664
116,3785,84,2026-02-24T08:02:11.081985
116,158204,14,2026-01-06T15:26:16.216856
116,99645,26,2026-01-27T12:58:49.704015
116,224395,62,2026-01-30T02:58:33.406246
116,183260,1,2026-02-24T21:00:07.585535
116,147333,42,2026-03-19T18:26:52.090407
116,194116,43,2026-01-05T18:45:12.786433
117,43266,73,2026-03-14T13:14:24.380554
117,24765,56,2026-01-25T20:39:12.999130
118,181049,3,2026-01-19T14:53:39.183547
118,65908,13,2026-02-01T06:11:24.619941
118,193158,89,2026-01-20T21:43:33.189866
118,97784,53,2026-03-17T11:55:32.343209
118,136015,68,2026-03-10T00:22:15.077918
118,32581,68,2026-01-29T03:06:18.399144
118,15399,27,2026-02-17T15:31:36.730589
118,116954,21,2026-01-04T14:55:19.396904
118,49908,39,2026-03-02T08:08:41.521012
118,92937,99,2026-02-05T13:05:07.446857
118,64385,86,2026-03-23T07:34:17.735460
118,167739,46,2026-01-06T20:22:59.328701
118,199069,12,2026-03-21T08:25:17.853449
118,10638,19,2026-01-19T07:38:20.203612
119,94630,84,2026-03-13T15:07:08.060103
119,205289,20,2026-03-20T09:25:13.247333
119,184443,97,2026-02-21T06:19:22.973430
119,13053,68,2026-01-14T22:29:25.997873
119,180662,11,2026-02-19T05:39:02.895720
119,35001,92,2026-01-24T09:36:58.389766
119,99204,49,2026-03-21T09:25:17.587790
119,63700,87,2026-01-04T08:49:25.626477
120,127022,16,2026-03-17T06:30:48.191068
120,93074,46,2026-02-19T07:25:39.171753
120,207831,90,2026-01-21T18:09:51.764812
120,180254,61,2026-03-22T09:35:55.947515
120,3703,45,2026-01-21T15:09:37.782416
121,85751,84,2026-01-20T07:40:11.441471
121,145192,23,2026-02-16T09:06:13.271874
121,165699,1,2026-01-06T23:26:06.819421
121,180063,63,2026-02-18T01:14:10.493587
121,200478,76,2026-02-16T01:46:29.273251
121,59559,50,2026-03-22T04:23:45.881545
121,204300,32,2026-01-27T19:53:40.237418
121,213770,17,2026-03-27T14:20:39.138841
121,204586,63,2026-01-29T23:42:48.358585
121,65014,12,2026-03-23T02:49:43.722703
121,213283,36,2026-02-15T19:53:43.058633
121,73983,52,2026-01-23T08:00:36.780449
121,112444,71,2026-02-12T22:41:45.171833
121,86292,29,2026-03-29T04:00:42.343354
121,142112,51,2026-01-31T23:47:20.037833
121,48184,49,2026-03-27T00:44:24.513513
121,93880,25,2026-03-16T23:03:46.314236
122,151703,52,2026-03-18T05:52:27.286718
122,134058,90,2026-02-17T17:57:50.877295
122,229621,26,2026-03-03T01:25:56.725021
122,139231,27,2026-03-26T02:14:55.099485
122,169137,44,2026-03-03T23:06:24.284878
122,61456,92,2026-02-02T00:02:29.622171
122,115690,83,2026-01-01T09:16:05.285346
122,105047,100,2026-01-24T12:47:01.279314
122,176519,24,2026-01-15T15:46:26.609018
122,189139,52,2026-03-03T20:00:15.359632
122,163839,86,2026-02-09T06:20:59.566860
122,83655,18,2026-02-21T04:03:48.543649
123,209191,93,2026-03-03T01:41:25.325754
123,12240,51,2026-01-20T01:54:03.429473
123,21889,20,2026-03-07T07:00:58.636568
123,153044,75,2026-02-06T10:16:05.709538
123,109702,22,2026-02-17T07:13:22.054055
123,14808,42,2026-01-04T15:08:08.454264
123,208884,41,2026-03-29T02:56:29.004884
123,127691,10,2026-01-15T05:35:30.862318
123,143989,56,2026-02-25T10:38:02.431365
124,33975,68,2026-02-26T03:25:14.728983
124,83005,25,2026-01-19T05:31:48.040860
124,3567,76,2026-02-16T03:10:15.854962
124,24332,77,2026-02-22T09:46:58.708148
124,142721,76,2026-03-07T09:05:49.215413
124,184967,72,2026-02-14T05:02:50.242360
124,141960,89,2026-01-20T12:18:14.533051
124,175037,7,2026-01-23T12:41:01.042133
124,82276,70,2026-02-16T02:00:53.013167
124,149608,30,2026-02-05T00:35:58.646707
125,208313,27,2026-01-30T12:15:27.727526
125,179728,78,2026-02-27T14:37:40.225528
125,64907,80,2026-01-05T06:16:40.384858
126,102302,19,2026-03-29T18:29:12.754708
126,50577,96,2026-03-23T05:45:12.605739
126,197399,40,2026-02-08T13:38:58.302296
126,225665,48,2026-02-08T05:28:50.214602
126,159197,18,2026-03-15T22:27:03.034403
126,143816,84,2026-01-19T07:07:00.285463
126,18904,1,2026-03-02T10:03:37.746006
126,85348,76,2026-03-06T01:27:47.328303
126,200995,100,2026-02-03T19:37:16.546285
126,197708,58,2026-01-02T03:50:23.591146
126,187086,67,2026-02-10T05:27:40.693314
127,119230,51,2026-01-01T21:44:09.588911
127,218594,30,2026-01-03T04:49:24.722764
127,150500,92,2026-03-09T10:36:34.427986
127,57072,88,2026-01-02T09:40:16.450651
127,221021,41,2026-02-19T15:42:13.712425
127,52449,3,2026-01-24T19:17:33.845965
127,228790,93,2026-02-26T17:16:55.243954
127,150169,94,2026-03-11T15:50:01.706158
127,190300,42,2026-02-15T03:25:39.897958
128,138425,81,2026-02-25T23:25:10.719030
128,11372,70,2026-03-24T17:53:06.300131
128,173894,68,2026-01-23T22:03:42.539269
128,166735,17,2026-01-29T06:22:36.148099
128,178613,26,2026-03-08T02:52:51.290436
128,194000,26,2026-03-19T12:33:47.613683
128,19725,71,2026-01-16T00:36:38.671541
129,213546,24,2026-02-04T00:28:52.220653
129,16546,21,2026-01-08T09:07:31.464719
129,154384,52,2026-03-02T21:36:04.856323
129,172916,31,2026-01-22T01:53:16.776806
129,170461,51,2026-02-16T13:47:07.374258
129,216770,83,2026-01-13T02:45:07.438722
129,34202,29,2026-03-12T01:36:10.875544
129,206980,19,2026-02-10T23:56:17.929772
129,172551,49,2026-02-02T07:03:02.777356
129,4455,39,2026-03-05T23:11:38.959203
129,133909,96,2026-02-16T12:07:36.645447
129,28647,33,2026-03-29T03:37:25.523520
129,1454,70,2026-01-03T23:07:20.466650
129,228359,81,2026-02-17T05:38:16.134874
129,66942,38,2026-01-27T11:11:57.555637
129,32003,29,2026-02-26T13:10:49.120771
129,38486,33,2026-03-27T19:37:20.286732
129,204573,21,2026-01-31T16:31:37.981224
129,222277,82,2026-03-06T06:16:52.920295
129,50688,77,2026-02-24T10:43:59.934150
130,17222,11,2026-03-09T08:56:25.786221
130,203372,64,2026-03-07T06:55:48.198720
130,201840,38,2026-03-17T16:00:19.972298
130,136569,85,2026-03-04T01:37:03.171531
130,144448,87,2026-03-22T15:47:31.370426
130,65795,44,2026-03-20T23:13:07.174994
130,74573,77,2026-01-23T22:20:49.538942
130,120912,18,2026-01-29T04:57:47.729848
130,62917,11,2026-02-10T09:22:14.540962
130,221910,20,2026-03-13T14:16:11.283283
131,52252,84,2026-03-27T18:02:47.328219
131,179745,1,2026-02-28T15:08:29.315260
131,112946,99,2026-03-28T01:05:00.903151
131,154310,7,2026-01-31T05:52:56.629094
131,86058,37,2026-01-07T00:08:54.140934
131,172929,40,2026-02-18T12:46:18.529032
131,164928,26,2026-03-10T00:55:16.993853
131,139077,59,2026-01-14T22:57:47.536993
131,171284,98,2026-01-01T02:06:25.209844
131,62840,73,2026-01-05T06:42:33.805161
131,178685,55,2026-03-17T01:27:08.598991
131,80191,56,2026-01-11T01:57:25.052040
131,12697,1,2026-03-01T18:01:40.751298
131,227326,45,2026-01-19T14:10:38.984691
131,39114,32,2026-01-19T23:39:03.295356
131,69328,100,2026-03-05T05:48:28.210517
131,121855,38,2026-02-10T09:23:09.442186
131,110993,73,2026-01-22T02:06:44.216496
131,52190,63,2026-03-04T07:19:28.321590
132,56900,9,2026-03-18T06:11:57.150502
132,175693,49,2026-01-20T14:32:46.838816
132,153655,17,2026-03-08T23:06:06.533987
132,32609,64,2026-01-15T14:21:12.130202
132,29716,9,2026-01-31T07:32:22.556759
132,205667,34,2026-02-26T14:35:30.806678
133,39569,65,2026-01-12T13:00:47.437246
133,180794,53,2026-02-19T05:52:34.903262
133,150981,15,2026-03-21T23:38:28.556067
133,206851,82,2026-02-06T04:37:18.506108
133,196740,14,2026-01-31T20:00:23.625814
133,117403,59,2026-02-09T01:48:35.211721
133,130041,36,2026-02-17T11:40:07.663665
133,182041,34,2026-03-21T08:11:09.728591
133,147961,39,2026-02-26T18:55:22.006746
133,21798,99,2026-03-25T17:07:21.403343
133,210068,66,2026-03-11T09:06:33.602601
133,82642,5,2026-03-01T06:43:32.899904
133,191318,28,2026-02-21T06:56:14.071373
133,158434,3,2026-02-05T07:45:00.928968
133,113501,88,2026-01-27T11:43:33.888671
133,177378,93,2026-03-13T01:35:55.882480
133,124520,61,2026-03-03T16:48:37.399957
133,68088,10,2026-02-28T03:25:45.218541
134,217133,43,2026-01-20T22:42:07.007655
135,99248,99,2026-01-17T18:56:51.756667
135,92583,62,2026-02-11T13:20:52.699888
135,124250,28,2026-03-26T15:01:58.505153
135,117897,36,2026-02-26T23:05:59.907701
135,167890,49,2026-03-02T07:30:25.582551
135,201676,50,2026-02-13T10:32:48.043504
135,123248,14,2026-03-29T18:54:28.436576
135,42506,57,2026-02-02T07:59:53.740280
135,225096,49,2026-01-26T16:22:54.061660
135,2655,50,2026-01-14T21:39:05.834239
135,75836,31,2026-03-18T13:12:53.676789
136,131081,64,2026-01-29T12:08:58.321810
137,53471,87,2026-03-03T10:45:51.940545
137,156855,71,2026-03-23T12:43:11.464587
137,206486,14,2026-03-23T16:44:39.422198
137,131927,43,2026-03-18T16:14:34.571551
137,70615,16,2026-03-06T12:31:38.506332
137,229797,49,2026-03-30T04:16:22.012450
137,60246,87,2026-03-14T22:30:07.255740
137,84465,89,2026-03-10T09:27:14.672882
137,46499,13,2026-01-20T04:24:14.875424
137,193398,53,2026-01-09T04:42:03.252179
137,170562,99,2026-03-19T01:24:28.646042
137,80383,22,2026-03-02T01:18:36.227240
137,197926,2,2026-01-11T07:45:22.180527
137,146109,86,2026-03-06T07:58:31.349990
137,4512,74,2026-01-26T12:54:10.234530
137,125068,12,2026-03-30T16:39:09.084853
137,187364,98,2026-01-01T07:45:06.662819
137,139466,93,2026-03-08T23:23:08.807152
137,203213,2,2026-02-08T09:07:36.804982
138,33980,8,2026-01-18T07:42:39.839442
138,37769,64,2026-03-25T13:11:11.837745
139,116366,67,2026-03-16T08:03:20.401193
139,169219,78,2026-01-24T05:23:29.404787
139,172602,56,2026-03-02T09:53:13.471653
139,221334,16,2026-03-11T21:24:19.584048
140,111491,36,2026-02-09T21:58:09.567802
140,68257,93,2026-01-06T22:09:35.908135
140,228231,24,2026-04-01T08:59:10.642659
140,153423,100,2026-01-20T00:44:05.893786
140,145801,40,2026-01-17T00:32:01.504497
140,34563,66,2026-02-01T07:03:50.369205
141,156047,44,2026-01-11T23:01:06.750002
141,196616,28,2026-02-17T05:52:08.762962
141,74670,90,2026-01-15T20:04:25.634938
141,95904,6,2026-03-20T23:44:57.198142
141,25438,34,2026-03-29T19:00:01.815686
141,2096,43,2026-01-14T22:15:58.411308
141,141813,87,2026-03-20T21:35:05.151628
141,122311,36,2026-02-17T16:26:05.192942
141,77511,34,2026-02-05T06:14:06.025692
141,48288,86,2026-02-10T04:17:33.713681
141,79984,93,2026-02-09T09:33:43.601659
141,214019,98,2026-01-20T15:23:01.717527
141,188490,5,2026-03-03T22:58:14.400230
141,72884,65,2026-04-01T09:54:16.591687
141,51329,68,2026-01-02T20:13:18.537577
141,25600,67,2026-02-20T22:11:11.437050
141,74835,53,2026-03-03T08:24:14.404366
141,188121,63,2026-02-02T21:59:27.722153
141,1827,32,2026-01-14T12:37:54.190678
142,214346,34,2026-03-12T16:21:17.274408
142,163510,65,2026-03-30T04:38:24.952596
142,229965,35,2026-01-02T17:43:05.278565
142,164364,100,2026-01-17T20:02:50.128346
142,46673,67,2026-02-04T14:30:06.410569
142,117982,44,2026-01-28T03:14:24.127984
142,85969,9,2026-02-16T19:21:35.713065
142,177022,41,2026-01-05T16:01:08.502882
142,84124,27,2026-03-12T09:22:56.890672
142,59174,17,2026-01-26T05:23:02.521863
142,7617,98,2026-01-19T10:47:48.479047
142,94648,71,2026-02-18T02:25:07.187236
142,15316,19,2026-02-13T20:35:24.737496
142,140341,18,2026-03-22T19:21:56.778920
142,177571,76,2026-02-17T18:01:27.919059
142,23927,35,2026-03-13T10:19:48.156894
142,101495,48,2026-03-06T10:06:21.339828
142,196924,29,2026-03-21T12:41:12.895474
142,11856,28,2026-03-03T02:20:39.832922
142,115237,60,2026-02-10T17:39:05.868083
143,3978,91,2026-02-02T07:34:05.541371
143,186477,78,2026-02-26T09:42:22.867676
143,230854,60,2026-01-16T19:08:27.583246
144,37548,74,2026-01-30T04:25:48.817594
144,121643,72,2026-02-04T20:46:33.699260
144,16515,45,2026-03-07T20:41:03.845505
144,70214,9,2026-03-08T23:41:30.559992
144,197136,19,2026-01-10T03:50:23.697227
144,95724,64,2026-03-03T05:23:53.046766
144,120404,87,2026-02-16T22:34:42.324778
144,101775,38,2026-02-03T02:55:51.440629
144,924,64,2026-03-06T11:20:17.255212
144,88479,14,2026-02-27T18:34:07.098624
144,165577,35,2026-01-21T12:40:53.103696
144,117024,55,2026-01-17T15:15:33.131179
144,35949,91,2026-02-16T04:36:36.683146
144,151088,85,2026-02-07T03:17:30.499979
144,211586,82,2026-01-22T03:34:03.650503
144,26054,81,2026-01-11T00:17:01.605142
144,171449,53,2026-01-10T18:12:36.776021
144,213380,60,2026-03-12T15:32:36.571863
144,226780,75,2026-03-06T05:47:26.163781
145,143817,46,2026-01-30T22:02:24.127173
145,216547,51,2026-03-27T02:11:51.950711
145,195717,73,2026-02-22T11:20:06.292982
145,53356,59,2026-02-24T20:19:48.338236
145,51545,68,2026-03-17T23:24:13.387859
145,22509,50,2026-03-28T04:21:56.527872
146,100791,27,2026-03-30T15:29:59.943974
146,4687,3,2026-03-22T13:04:53.048096
146,219827,1,2026-02-23T01:39:17.086573
146,94391,18,2026-03-03T19:36:17.588170
146,83391,81,2026-01-11T22:23:54.826442
146,192924,95,2026-02-20T06:46:51.416573
146,146613,5,2026-02-26T13:50:51.083698
146,157428,84,2026-01-14T15:32:02.119334
146,151093,19,2026-01-10T04:44:55.923672
147,105234,70,2026-03-01T18:48:39.252374
147,7222,55,2026-01-01T07:08:02.114449
147,169549,69,2026-02-06T20:01:41.479385
147,207559,1,2026-03-28T02:54:34.532509
147,49829,16,2026-01-09T03:24:31.402062
147,5276,51,2026-02-25T18:54:11.714685
147,179829,52,2026-03-23T10:29:39.774199
147,193272,30,2026-02-06T03:53:00.868276
147,19764,47,2026-02-27T21:30:54.546017
147,8743,24,2026-01-18T08:19:22.688980
147,10221,58,2026-01-13T03:21:49.310357
147,134637,38,2026-03-17T21:25:34.486327
147,106327,4,2026-03-11T01:46:53.225688
147,186145,80,2026-03-29T13:22:48.819242
147,215127,92,2026-02-05T03:59:30.271523
147,227040,51,2026-04-01T16:49:05.000242
148,85493,6,2026-03-14T18:44:17.209823
148,79981,53,2026-03-13T17:34:52.644951
148,180067,28,2026-01-04T00:32:00.843850
148,152821,58,2026-03-15T21:46:47.425628
148,195274,64,2026-02-27T10:02:29.944934
148,201095,13,2026-02-17T20:04:13.108779
148,10878,63,2026-01-06T06:18:43.759820
148,164437,86,2026-02-21T01:31:07.207862
148,69679,16,2026-02-15T14:36:15.995363
148,64409,50,2026-01-19T14:14:02.700792
148,229061,15,2026-03-25T02:31:25.562316
148,228036,70,2026-03-19T10:35:20.946995
148,22040,56,2026-02-28T17:30:51.530675
148,97731,42,2026-01-01T05:06:43.605120
148,41931,67,2026-01-30T20:15:21.369112
148,64998,45,2026-01-23T10:29:00.110155
148,183894,80,2026-03-22T22:40:32.991297
148,118664,1,2026-01-27T08:47:16.044069
149,2434,62,2026-01-06T10:41:57.487687
149,127096,22,2026-03-31T20:35:09.810499
149,189082,23,2026-02-20T02:13:05.281788
149,162714,96,2026-02-03T09:14:40.201551
149,150544,58,2026-03-20T09:01:35.706616
149,133389,49,2026-04-01T01:57:06.491935
149,163449,27,2026-02-17T10:13:19.519126
149,178643,53,2026-03-10T19:22:43.931107
150,192458,93,2026-03-18T14:51:35.913893
150,225970,88,2026-02-07T20:53:49.792212
150,104706,59,2026-01-29T14:40:50.783334
150,144206,22,2026-01-13T01:00:27.833444
150,114070,79,2026-03-09T17:35:28.366773
150,145875,91,2026-02-03T04:47:22.049114
150,174601,86,2026-02-19T09:03:55.865271
150,50382,47,2026-01-05T05:22:09.029686
150,137714,18,2026-03-18T13:24:11.018200
150,60399,70,2026-02-25T13:40:24.465319
150,153231,52,2026-03-15T09:37:55.953094
