User_ID,Email_Address,User_Name
1,patelchristopher@example.com,chaney
2,smorrison@example.com,rebeccajohnson
3,derrickwilliams@example.net,rcolon
4,michellehiggins@example.org,danielsimpson
5,lperry@example.com,shellychambers
6,dtaylor@example.com,xharris
7,stephensanthony@example.org,ghayes
8,jeremyabbott@example.net,walter43
9,anthony45@example.org,shannoncoleman
10,april81@example.com,cynthia72
11,nataliegrant@example.net,bryangibson
12,erintorres@example.com,gina43
13,smallsamantha@example.net,irodriguez
14,mnorman@example.org,karen04
15,antonio17@example.net,andrewwatts
16,uscott@example.org,potterchad
17,maldonadojimmy@example.net,medinamelissa
18,jeremy87@example.com,donnaharper
19,fernandezjose@example.com,andersonmario
20,diana61@example.org,douglas12
21,wheelerwilliam@example.net,cmathews
22,zford@example.com,palmerdakota
23,griffincorey@example.com,cmurray
24,hollydavis@example.org,michaelbaxter
25,rickyaustin@example.com,tinahernandez
26,fellis@example.com,banksnathaniel
27,bryceobrien@example.org,mooredavid
28,gonzalezkim@example.com,castrofrancis
29,tracy36@example.net,stacy00
30,piercegregory@example.org,nicole14
31,mary19@example.net,rbates
32,bakerlisa@example.org,davidsonkatie
33,maxwell87@example.com,josephjones
34,zhays@example.org,jessica35
35,cervantessuzanne@example.com,lisa85
36,jonathanporter@example.org,huntermichael
37,newtonjoyce@example.net,rsalazar
38,chandlerjose@example.org,anthony65
39,robert26@example.com,russellkari
40,mary88@example.net,patrickpeck
41,samuel32@example.org,christinajones
42,stewartchristina@example.com,knoxanita
43,yeseniabrown@example.net,davidfleming
44,devin33@example.net,martinjoseph
45,ywhite@example.com,mark23
46,allison08@example.net,miranda73
47,isimpson@example.com,vbrown
48,mcguireandrew@example.net,harringtonnichole
49,kristinepowell@example.org,acooper
50,elee@example.net,kellymason
51,shannonkim@example.com,wgiles
52,timothy61@example.net,shannon32
53,jennifercoleman@example.org,who
54,tanyabaker@example.com,jonathan11
55,dturner@example.org,rhondaperry
56,lreynolds@example.com,danielross
57,patrickheath@example.net,tyler06
58,ashley49@example.net,lhunt
59,loganmichelle@example.net,sarah99
60,brettshepard@example.net,wwillis
61,lcampbell@example.net,robertsonmackenzie
62,amber10@example.com,natashajohnson
63,drakekara@example.net,andreabeasley
64,chapmanholly@example.net,michael15
65,williamskrista@example.com,deborahtran
66,kforbes@example.net,bfriedman
67,whitehenry@example.org,arodriguez
68,youngkelly@example.com,jacqueline26
69,vbates@example.net,elittle
70,crobinson@example.net,hensonjames
71,douglas58@example.com,jacob18
72,sarahanderson@example.com,omoore
73,spearsjared@example.net,mooneymichaela
74,raymond13@example.org,dpatel
75,kristine14@example.org,whitepaul
76,jasmineadams@example.com,vickiefitzpatrick
77,jenniferpollard@example.net,kleonard
78,ijarvis@example.org,ylee
79,tammyruiz@example.net,wilsonbenjamin
80,nallen@example.net,daryl20
81,katelynkerr@example.org,tuckeralyssa
82,phyllissantiago@example.org,rogersashlee
83,mariaburke@example.net,thuff
84,fholt@example.net,jamie28
85,johnhubbard@example.net,nmorgan
86,rhonda27@example.com,pfigueroa
87,lisafisher@example.org,saranelson
88,thompsonjoseph@example.net,ogrimes
89,davidshaw@example.org,hsimpson
90,daniel68@example.net,zmorgan
91,ericajackson@example.org,ygarza
92,jennifer40@example.com,toddnelson
93,maryrobbins@example.com,aliciacrawford
94,courtneyrodriguez@example.net,flogan
95,adamsraymond@example.com,monica65
96,vchase@example.org,tracygarcia
97,neilbarnes@example.org,jeffery12
98,troy80@example.net,kimberly41
99,michaellewis@example.net,paulvargas
100,mcintyrejohn@example.net,james67
101,duncankaren@example.org,toddmorse
102,james01@example.org,vruiz
103,blakecynthia@example.com,oharrison
104,theresagates@example.org,tiffanyknight
105,romanmary@example.org,mannisaac
106,srichards@example.org,clairebarker
107,rachelbarnes@example.org,marcusgibson
108,allisonperez@example.org,davidlatasha
109,vargasashley@example.org,rodriguezdaniel
110,virginia66@example.com,gloria62
111,nathanielmoore@example.org,crystal73
112,douglas63@example.org,xobrien
113,blee@example.com,amy71
114,stonenicholas@example.org,lhebert
115,thomas34@example.net,kthompson
116,jenniferlin@example.com,dawnjackson
117,handerson@example.com,bwalter
118,bcollins@example.org,adambell
119,garylloyd@example.org,brodriguez
120,hortonrebecca@example.org,brownwilliam
121,rcarroll@example.net,charles93
122,tarawells@example.net,isaiah42
123,gallowayrobert@example.org,lalvarado
124,denisevasquez@example.net,gonzalesjacqueline
125,joshuadavenport@example.net,cortezmark
126,kimjenna@example.com,jacob67
127,cbartlett@example.org,justinmoses
128,james03@example.net,kimberlyhuffman
129,hartdaniel@example.net,pjohnson
130,lewisshelley@example.net,katherine86
131,dixonrobert@example.net,floreslori
132,herringerin@example.net,joseph29
133,lnguyen@example.net,martinharris
134,jaimemedina@example.org,meganmorgan
135,stacey29@example.net,chris05
136,turnertheodore@example.net,eboyd
137,gonzaleschristopher@example.com,michellejohnson
138,lucaserica@example.org,joshua85
139,martinchristopher@example.org,rogersaustin
140,ocunningham@example.org,elizabeth34
141,leahrobinson@example.org,bryanwheeler
142,billy69@example.com,poliver
143,kmiller@example.net,terrycrawford
144,smithkimberly@example.com,vanessabell
145,brittanyadams@example.org,blakepatel
146,amy07@example.org,xmartinez
147,adamsjohn@example.net,william50
148,ulittle@example.com,jennifervaughan
149,sgraham@example.org,david73
150,millermichelle@example.org,melissa76
